network_decay,policy,interaction,seed,target_inflow_rate,chain_share,target_social_cost,housing_rejection,coorigin_clustering,peer_colocation,move_rate,same_state_contact_share,recalibrated,beta_current_state
0.0,baseline,weak,201,0.0031944444444444446,0.0,0.009473127797220482,0.0,0.15451127919901314,0.15083333333333335,0.034305555555555554,0.15083333333333335,False,3.925
0.0,baseline,weak,202,0.005,0.1388888888888889,-0.006932705944520497,0.0,0.15232250891631474,0.15770833333333334,0.03708333333333333,0.15770833333333334,False,3.925
0.0,baseline,weak,203,0.005555555555555556,0.125,0.01602380173123378,0.05555555555555555,0.16307348145519615,0.16,0.037083333333333336,0.16,False,3.925
0.0,baseline,weak,204,0.005277777777777778,0.13157894736842105,0.04409185661238441,0.0,0.16570268976953856,0.16833333333333333,0.034444444444444444,0.16833333333333333,False,3.925
0.0,baseline,weak,205,0.004861111111111111,0.17142857142857143,-0.010423713908383715,0.0,0.15774613113021332,0.163125,0.035555555555555556,0.163125,False,3.925
0.0,baseline,weak,206,0.004166666666666667,0.2,-0.02889723071438625,0.0,0.15612838828167694,0.16458333333333333,0.04,0.16458333333333333,False,3.925
0.0,baseline,weak,207,0.0044444444444444444,0.09375,0.03710029121483728,0.0,0.15266587374027624,0.15666666666666668,0.037916666666666675,0.15666666666666668,False,3.925
0.0,baseline,weak,208,0.0059722222222222225,0.20930232558139536,0.007018710402608451,0.0,0.16085331160783894,0.16395833333333334,0.03597222222222222,0.16395833333333334,False,3.925
0.0,baseline,medium,201,0.004583333333333333,0.030303030303030304,-0.012681889828036669,0.0,0.16182072511243356,0.16041666666666668,0.03819444444444445,0.16041666666666668,False,3.925
0.0,baseline,medium,202,0.004722222222222222,0.08823529411764706,0.019842663356109375,0.0,0.1646642241447823,0.164375,0.041944444444444444,0.164375,False,3.925
0.0,baseline,medium,203,0.004861111111111111,0.08571428571428572,-0.03344532200693846,0.02857142857142857,0.1710437347737569,0.16770833333333332,0.03916666666666666,0.16770833333333332,False,3.925
0.0,baseline,medium,204,0.006111111111111111,0.18181818181818182,-0.013817592255803686,0.0,0.16460564448722317,0.17041666666666666,0.04027777777777777,0.17041666666666666,False,3.925
0.0,baseline,medium,205,0.005833333333333334,0.14285714285714285,-0.0385329803139793,0.0,0.1735210165225542,0.17666666666666667,0.041666666666666664,0.17666666666666667,False,3.925
0.0,baseline,medium,206,0.004722222222222222,0.058823529411764705,-0.03394256706636696,0.03225806451612903,0.15736256012922353,0.159375,0.04,0.159375,False,3.925
0.0,baseline,medium,207,0.00375,0.07407407407407407,0.07884535817178628,0.0,0.1716724467276998,0.1875,0.042222222222222223,0.1875,False,3.925
0.0,baseline,medium,208,0.005833333333333334,0.09523809523809523,-0.006966084302291806,0.0,0.16058650862820745,0.16791666666666666,0.03944444444444444,0.16791666666666666,False,3.925
0.0,baseline,strong,201,0.004027777777777778,0.034482758620689655,-0.03811998966887921,0.0,0.17412874584157137,0.19104166666666667,0.041666666666666664,0.19104166666666667,False,3.925
0.0,baseline,strong,202,0.00625,0.08888888888888889,-0.03270341175122673,0.0,0.17715723888010396,0.183125,0.04583333333333333,0.183125,False,3.925
0.0,baseline,strong,203,0.0038888888888888888,0.07142857142857142,0.009904727066710944,0.0,0.17675341457222224,0.18583333333333332,0.04513888888888889,0.18583333333333332,False,3.925
0.0,baseline,strong,204,0.005833333333333334,0.19047619047619047,0.018071450410975756,0.0,0.15696236106036573,0.16375,0.04819444444444445,0.16375,False,3.925
0.0,baseline,strong,205,0.00625,0.17777777777777778,-0.03590327177599527,0.0,0.16848370990360162,0.176875,0.04791666666666666,0.176875,False,3.925
0.0,baseline,strong,206,0.00625,0.3333333333333333,-0.08475833575265221,0.0,0.17321404076512364,0.17604166666666668,0.05041666666666666,0.17604166666666668,False,3.925
0.0,baseline,strong,207,0.005,0.027777777777777776,-0.006872691010649674,0.02857142857142857,0.18221536939109026,0.18583333333333332,0.03763888888888889,0.18583333333333332,False,3.925
0.0,baseline,strong,208,0.005416666666666667,0.15384615384615385,-0.032830637374379926,0.0,0.163383137604254,0.17041666666666666,0.04402777777777778,0.17041666666666666,False,3.925
0.0,combined,weak,201,0.021388888888888888,0.2987012987012987,-0.10293375455236158,0.09868421052631579,0.183840719877059,0.200625,0.04569444444444445,0.200625,False,3.925
0.0,combined,weak,202,0.019444444444444445,0.37142857142857144,-0.10586062624013191,0.0948905109489051,0.18086996324876017,0.19520833333333334,0.04722222222222222,0.19520833333333334,False,3.925
0.0,combined,weak,203,0.022083333333333333,0.3836477987421384,-0.0995451889191734,0.0472972972972973,0.19189559523946817,0.20604166666666668,0.04708333333333334,0.20604166666666668,False,3.925
0.0,combined,weak,204,0.020833333333333332,0.34,-0.06817264077602085,0.11333333333333333,0.17945513196769244,0.19479166666666667,0.04680555555555555,0.19479166666666667,False,3.925
0.0,combined,weak,205,0.020972222222222222,0.36423841059602646,-0.0966054335050169,0.046052631578947366,0.19507110412815526,0.20458333333333334,0.04666666666666666,0.20458333333333334,False,3.925
0.0,combined,weak,206,0.02125,0.28104575163398693,-0.11382691216046405,0.047619047619047616,0.2031150499932215,0.2275,0.04777777777777778,0.2275,False,3.925
0.0,combined,weak,207,0.020277777777777777,0.3835616438356164,-0.07361728529044356,0.05755395683453238,0.18203582005493857,0.188125,0.04611111111111111,0.188125,False,3.925
0.0,combined,weak,208,0.017638888888888888,0.30708661417322836,-0.0623324549119967,0.1297709923664122,0.16847284680939142,0.17145833333333332,0.04541666666666667,0.17145833333333332,False,3.925
0.0,combined,medium,201,0.022222222222222223,0.43125,-0.09979975162176839,0.12578616352201258,0.1899478622407034,0.21270833333333333,0.04972222222222222,0.21270833333333333,False,3.925
0.0,combined,medium,202,0.02361111111111111,0.4117647058823529,-0.1068097858124815,0.10982658959537572,0.1933150420362196,0.21208333333333335,0.0513888888888889,0.21208333333333335,False,3.925
0.0,combined,medium,203,0.02277777777777778,0.4146341463414634,-0.10685142953394824,0.11242603550295859,0.2010075688305807,0.203125,0.04944444444444445,0.203125,False,3.925
0.0,combined,medium,204,0.025833333333333333,0.44623655913978494,-0.12631899568562985,0.11351351351351352,0.2033319936655384,0.22625,0.05569444444444444,0.22625,False,3.925
0.0,combined,medium,205,0.023333333333333334,0.40476190476190477,-0.11617241456133968,0.10404624277456648,0.2028791123859952,0.21645833333333334,0.045138888888888895,0.21645833333333334,False,3.925
0.0,combined,medium,206,0.024583333333333332,0.4689265536723164,-0.13763235601566645,0.1092896174863388,0.20239755879220245,0.21395833333333333,0.05375,0.21395833333333333,False,3.925
0.0,combined,medium,207,0.0225,0.4444444444444444,-0.08483586151152007,0.1411764705882353,0.1924886210047638,0.20854166666666665,0.04805555555555555,0.20854166666666665,False,3.925
0.0,combined,medium,208,0.02388888888888889,0.42441860465116277,-0.0911887099848028,0.1340782122905028,0.1858719083000792,0.195,0.04902777777777778,0.195,False,3.925
0.0,combined,strong,201,0.027083333333333334,0.5025641025641026,-0.16680414047130687,0.1712962962962963,0.22313724330224327,0.25416666666666665,0.05305555555555556,0.25416666666666665,False,3.925
0.0,combined,strong,202,0.026111111111111113,0.4734042553191489,-0.1367328481071097,0.15422885572139303,0.21269618744772606,0.235,0.053888888888888896,0.235,False,3.925
0.0,combined,strong,203,0.02638888888888889,0.42105263157894735,-0.1436006624147034,0.13793103448275862,0.22172083240864726,0.24229166666666666,0.05430555555555556,0.24229166666666666,False,3.925
0.0,combined,strong,204,0.02666666666666667,0.4635416666666667,-0.13346974847929136,0.1619047619047619,0.20367835206732857,0.23479166666666668,0.055833333333333325,0.23479166666666668,False,3.925
0.0,combined,strong,205,0.025694444444444443,0.41081081081081083,-0.13281803164506686,0.13,0.21967724343864112,0.24333333333333335,0.05722222222222221,0.24333333333333335,False,3.925
0.0,combined,strong,206,0.02861111111111111,0.5388349514563107,-0.17506830995239087,0.1409090909090909,0.2354099939972896,0.26104166666666667,0.059166666666666666,0.26104166666666667,False,3.925
0.0,combined,strong,207,0.021388888888888888,0.37012987012987014,-0.07742263056714409,0.10126582278481013,0.19336381292400148,0.20708333333333334,0.04583333333333334,0.20708333333333334,False,3.925
0.0,combined,strong,208,0.02347222222222222,0.47337278106508873,-0.12162274132194431,0.14054054054054055,0.19137115102042315,0.216875,0.05013888888888889,0.216875,False,3.925
2.0,baseline,weak,201,0.0038888888888888888,0.03571428571428571,0.0950658180736887,0.0,0.17415914039869695,0.32458333333333333,0.03027777777777778,0.32458333333333333,False,3.925
2.0,baseline,weak,202,0.004722222222222222,0.11764705882352941,-0.025983029849411678,0.0,0.16471818254204312,0.30354166666666665,0.035833333333333335,0.30354166666666665,False,3.925
2.0,baseline,weak,203,0.0031944444444444446,0.17391304347826086,0.13142886902198447,0.0,0.17098876076559186,0.3152083333333333,0.03152777777777777,0.3152083333333333,False,3.925
2.0,baseline,weak,204,0.004583333333333333,0.12121212121212122,0.1180367216521045,0.0,0.15078563419009677,0.27958333333333335,0.03375,0.27958333333333335,False,3.925
2.0,baseline,weak,205,0.004722222222222222,0.08823529411764706,0.009705601886594565,0.03125,0.15930594572783183,0.29604166666666665,0.03263888888888889,0.29604166666666665,False,3.925
2.0,baseline,weak,206,0.0043055555555555555,0.06451612903225806,0.06961603819822591,0.0,0.15624995620988555,0.27541666666666664,0.035833333333333335,0.27541666666666664,False,3.925
2.0,baseline,weak,207,0.003611111111111111,0.07692307692307693,0.10715116699897581,0.0,0.15841610702673511,0.29625,0.030833333333333334,0.29625,False,3.925
2.0,baseline,weak,208,0.005138888888888889,0.08108108108108109,0.06525553823567795,0.0,0.16754382030381545,0.31145833333333334,0.03333333333333335,0.31145833333333334,False,3.925
2.0,baseline,medium,201,0.003611111111111111,0.0,0.02251861915856731,0.0,0.17428691740401173,0.33791666666666664,0.028749999999999998,0.33791666666666664,False,3.925
2.0,baseline,medium,202,0.005138888888888889,0.02702702702702703,0.009425344536653984,0.03125,0.1652445875981427,0.30395833333333333,0.033333333333333326,0.30395833333333333,False,3.925
2.0,baseline,medium,203,0.004722222222222222,0.17647058823529413,-0.0006764959533583506,0.0,0.18347897121918944,0.35375,0.031527777777777787,0.35375,False,3.925
2.0,baseline,medium,204,0.00375,0.037037037037037035,-0.027542131522077917,0.0,0.1614300776080317,0.30583333333333335,0.030555555555555558,0.30583333333333335,False,3.925
2.0,baseline,medium,205,0.0031944444444444446,0.08695652173913043,0.0964878275546004,0.0,0.17085503106723218,0.3154166666666667,0.034027777777777775,0.3154166666666667,False,3.925
2.0,baseline,medium,206,0.0043055555555555555,0.03225806451612903,0.061754009389950175,0.0,0.16286583768484184,0.31833333333333336,0.03777777777777778,0.31833333333333336,False,3.925
2.0,baseline,medium,207,0.003472222222222222,0.08,0.0277688865015671,0.0,0.1662904072462352,0.3310416666666667,0.028749999999999998,0.3310416666666667,False,3.925
2.0,baseline,medium,208,0.005138888888888889,0.16216216216216217,0.12440068260655901,0.02857142857142857,0.16246214954473914,0.29375,0.031111111111111107,0.29375,False,3.925
2.0,baseline,strong,201,0.0044444444444444444,0.15625,0.0003027855688769003,0.03333333333333333,0.17289931350891352,0.33625,0.029166666666666664,0.33625,False,3.925
2.0,baseline,strong,202,0.004583333333333333,0.09090909090909091,-0.05478650435200276,0.0,0.17433560940279794,0.30666666666666664,0.035833333333333335,0.30666666666666664,False,3.925
2.0,baseline,strong,203,0.003611111111111111,0.11538461538461539,0.016971253362336784,0.0,0.19082757836566497,0.35208333333333336,0.03347222222222222,0.35208333333333336,False,3.925
2.0,baseline,strong,204,0.004166666666666667,0.03333333333333333,0.0316702789670055,0.0,0.17454266436262705,0.319375,0.03319444444444444,0.319375,False,3.925
2.0,baseline,strong,205,0.0038888888888888888,0.10714285714285714,0.042695979294895145,0.0,0.18611251438087256,0.31916666666666665,0.03361111111111111,0.31916666666666665,False,3.925
2.0,baseline,strong,206,0.0044444444444444444,0.0625,-0.0010683596606703028,0.0,0.15930714250474237,0.2966666666666667,0.034583333333333334,0.2966666666666667,False,3.925
2.0,baseline,strong,207,0.005277777777777778,0.15789473684210525,0.0009063235444078885,0.02857142857142857,0.17095656121169267,0.34270833333333334,0.029861111111111116,0.34270833333333334,False,3.925
2.0,baseline,strong,208,0.0044444444444444444,0.0625,-0.01732952165589534,0.0,0.17455492405139103,0.32416666666666666,0.033472222222222216,0.32416666666666666,False,3.925
2.0,combined,weak,201,0.017361111111111112,0.368,-0.013518810285853455,0.04838709677419355,0.1792028999666659,0.3279166666666667,0.03958333333333334,0.3279166666666667,False,3.925
2.0,combined,weak,202,0.020555555555555556,0.33783783783783783,-0.056618937223039734,0.08666666666666667,0.18368369148249464,0.33395833333333336,0.04472222222222222,0.33395833333333336,False,3.925
2.0,combined,weak,203,0.018055555555555554,0.3769230769230769,0.0018627353744453507,0.07086614173228346,0.18799155900094974,0.31875,0.041527777777777775,0.31875,False,3.925
2.0,combined,weak,204,0.019305555555555555,0.41007194244604317,-0.044107762634120376,0.061068702290076333,0.17360143542075052,0.3202083333333333,0.04430555555555555,0.3202083333333333,False,3.925
2.0,combined,weak,205,0.0175,0.2777777777777778,-0.023544888655591054,0.06557377049180328,0.1884974819463122,0.32458333333333333,0.03930555555555556,0.32458333333333333,False,3.925
2.0,combined,weak,206,0.022222222222222223,0.38125,-0.04471887370390185,0.0728476821192053,0.19704369977323244,0.3335416666666667,0.043750000000000004,0.3335416666666667,False,3.925
2.0,combined,weak,207,0.016666666666666666,0.31666666666666665,0.024588153654133697,0.10569105691056911,0.16925760654943978,0.30895833333333333,0.03875,0.30895833333333333,False,3.925
2.0,combined,weak,208,0.017222222222222222,0.28225806451612906,0.026121504859559757,0.1076923076923077,0.16813753018086455,0.29875,0.03847222222222222,0.29875,False,3.925
2.0,combined,medium,201,0.01611111111111111,0.28448275862068967,-0.0393833885873576,0.05217391304347826,0.18832869147177222,0.34479166666666666,0.03541666666666667,0.34479166666666666,False,3.925
2.0,combined,medium,202,0.018333333333333333,0.3484848484848485,-0.06969600424686133,0.024390243902439025,0.18096039433201577,0.3358333333333333,0.038888888888888896,0.3358333333333333,False,3.925
2.0,combined,medium,203,0.018194444444444444,0.37404580152671757,-0.025906501780442494,0.064,0.19658888004922187,0.34979166666666667,0.04125,0.34979166666666667,False,3.925
2.0,combined,medium,204,0.018194444444444444,0.37404580152671757,-0.05422447636431177,0.078125,0.18120836600727405,0.33979166666666666,0.042083333333333334,0.33979166666666666,False,3.925
2.0,combined,medium,205,0.021944444444444444,0.43670886075949367,-0.09265121859483155,0.11585365853658537,0.21175698615405328,0.36395833333333333,0.041388888888888885,0.36395833333333333,False,3.925
2.0,combined,medium,206,0.02236111111111111,0.40993788819875776,-0.07862110508677067,0.08280254777070063,0.2010089303795145,0.32416666666666666,0.04416666666666667,0.32416666666666666,False,3.925
2.0,combined,medium,207,0.01986111111111111,0.4195804195804196,-0.03327575984163753,0.11643835616438356,0.182893031536185,0.33729166666666666,0.04069444444444444,0.33729166666666666,False,3.925
2.0,combined,medium,208,0.01875,0.37037037037037035,-0.04178702356094564,0.11594202898550725,0.18527674631367927,0.3335416666666667,0.04180555555555555,0.3335416666666667,False,3.925
2.0,combined,strong,201,0.017361111111111112,0.392,-0.08019459489312047,0.08,0.19330339629878127,0.35520833333333335,0.03986111111111111,0.35520833333333335,False,3.925
2.0,combined,strong,202,0.018055555555555554,0.35384615384615387,-0.10585737649650151,0.11678832116788321,0.19932480069602504,0.34041666666666665,0.039999999999999994,0.34041666666666665,False,3.925
2.0,combined,strong,203,0.023055555555555555,0.4397590361445783,-0.10276905654992613,0.07272727272727272,0.2201797594883408,0.38208333333333333,0.04458333333333333,0.38208333333333333,False,3.925
2.0,combined,strong,204,0.01986111111111111,0.3986013986013986,-0.04211098638168478,0.1625,0.19389318663289917,0.3425,0.043333333333333335,0.3425,False,3.925
2.0,combined,strong,205,0.02263888888888889,0.4171779141104294,-0.08562417958697058,0.13872832369942195,0.215043561061244,0.3572916666666667,0.04305555555555556,0.3572916666666667,False,3.925
2.0,combined,strong,206,0.025972222222222223,0.5454545454545454,-0.14235889588735845,0.05142857142857143,0.24067963031423975,0.38375,0.04805555555555555,0.38375,False,3.925
2.0,combined,strong,207,0.01902777777777778,0.40145985401459855,-0.062377238195907334,0.10714285714285714,0.19803320564477217,0.3672916666666667,0.03847222222222223,0.3672916666666667,False,3.925
2.0,combined,strong,208,0.017916666666666668,0.3875968992248062,-0.03110539905803475,0.15328467153284672,0.18284565679234935,0.31979166666666664,0.03777777777777778,0.31979166666666664,False,3.925
5.0,baseline,weak,201,0.0030555555555555557,0.045454545454545456,0.1501383230667343,0.0,0.16368454237873825,0.4977083333333333,0.02638888888888889,0.4977083333333333,False,3.925
5.0,baseline,weak,202,0.004027777777777778,0.06896551724137931,0.11309129130742263,0.038461538461538464,0.1641388269742449,0.5297916666666667,0.02652777777777778,0.5297916666666667,False,3.925
5.0,baseline,weak,203,0.002638888888888889,0.0,0.21087925577020344,0.0,0.1634376921726996,0.5439583333333333,0.024583333333333332,0.5439583333333333,False,3.925
5.0,baseline,weak,204,0.003611111111111111,0.038461538461538464,0.19020316606419235,0.0,0.15973338727341538,0.49270833333333336,0.027083333333333334,0.49270833333333336,False,3.925
5.0,baseline,weak,205,0.0043055555555555555,0.0967741935483871,0.26782865761931546,0.0,0.16250335854404857,0.5077083333333333,0.02666666666666667,0.5077083333333333,False,3.925
5.0,baseline,weak,206,0.0030555555555555557,0.18181818181818182,0.11155942642675193,0.0,0.15446841877152148,0.48,0.030138888888888892,0.48,False,3.925
5.0,baseline,weak,207,0.0033333333333333335,0.0,0.21288591112407748,0.0,0.15528630194837442,0.49541666666666667,0.024861111111111115,0.49541666666666667,False,3.925
5.0,baseline,weak,208,0.002777777777777778,0.1,0.11410666027387492,0.0,0.16270234811854223,0.50625,0.02611111111111111,0.50625,False,3.925
5.0,baseline,medium,201,0.002361111111111111,0.0,0.055606719949667954,0.0,0.16975983733384986,0.520625,0.022083333333333333,0.520625,False,3.925
5.0,baseline,medium,202,0.004027777777777778,0.06896551724137931,0.10106409463501857,0.0,0.16380126855443797,0.5154166666666666,0.022777777777777775,0.5154166666666666,False,3.925
5.0,baseline,medium,203,0.0022222222222222222,0.0625,0.03059656843631875,0.0,0.17673545485932748,0.55875,0.024305555555555556,0.55875,False,3.925
5.0,baseline,medium,204,0.002638888888888889,0.0,0.1814530421700964,0.0,0.1557767348642453,0.5264583333333334,0.021805555555555554,0.5264583333333334,False,3.925
5.0,baseline,medium,205,0.0015277777777777779,0.09090909090909091,0.10552681702205534,0.0,0.1742280048919109,0.5547916666666667,0.02041666666666667,0.5547916666666667,False,3.925
5.0,baseline,medium,206,0.0020833333333333333,0.0,0.20948875814171994,0.0,0.16519772449367842,0.52125,0.023472222222222224,0.52125,False,3.925
5.0,baseline,medium,207,0.0025,0.05555555555555555,0.05361619005923554,0.0,0.17183910859641183,0.5439583333333333,0.02388888888888889,0.5439583333333333,False,3.925
5.0,baseline,medium,208,0.003611111111111111,0.11538461538461539,0.2032215049275653,0.0,0.1624273484337471,0.5308333333333334,0.021805555555555554,0.5308333333333334,False,3.925
5.0,baseline,strong,201,0.002777777777777778,0.1,0.09905422325460773,0.0,0.1710918798189318,0.5810416666666667,0.017638888888888888,0.5810416666666667,False,3.925
5.0,baseline,strong,202,0.0018055555555555555,0.0,0.06420035665792377,0.0,0.16838937289951217,0.5595833333333333,0.01861111111111111,0.5595833333333333,False,3.925
5.0,baseline,strong,203,0.002916666666666667,0.09523809523809523,-0.0029603353887794415,0.0,0.17549213829553303,0.5695833333333333,0.02416666666666667,0.5695833333333333,False,3.925
5.0,baseline,strong,204,0.003611111111111111,0.0,0.12386312424951763,0.0,0.1652084515824681,0.555625,0.021527777777777774,0.555625,False,3.925
5.0,baseline,strong,205,0.002361111111111111,0.11764705882352941,0.16577359560670693,0.0,0.17821296954436772,0.5739583333333333,0.02041666666666667,0.5739583333333333,False,3.925
5.0,baseline,strong,206,0.0030555555555555557,0.09090909090909091,0.042187948315525865,0.0,0.17009155312720795,0.56125,0.023194444444444445,0.56125,False,3.925
5.0,baseline,strong,207,0.003611111111111111,0.11538461538461539,0.11385054433632333,0.0,0.17164362517217366,0.5683333333333334,0.01916666666666667,0.5683333333333334,False,3.925
5.0,baseline,strong,208,0.002777777777777778,0.0,0.10194642549478972,0.05263157894736842,0.16304110100529334,0.5327083333333333,0.020833333333333332,0.5327083333333333,False,3.925
5.0,combined,weak,201,0.013333333333333334,0.3645833333333333,0.10603489796449207,0.03333333333333333,0.17283673539405253,0.49833333333333335,0.03375,0.49833333333333335,False,3.925
5.0,combined,weak,202,0.015277777777777777,0.3181818181818182,0.04877592356323543,0.029411764705882353,0.17379149364185809,0.47770833333333335,0.03513888888888889,0.47770833333333335,False,3.925
5.0,combined,weak,203,0.015833333333333335,0.42105263157894735,0.1502463449601571,0.08928571428571429,0.18243694240243707,0.5125,0.035277777777777776,0.5125,False,3.925
5.0,combined,weak,204,0.016527777777777777,0.33613445378151263,0.07817482744244532,0.10833333333333334,0.17373887638212945,0.49166666666666664,0.037083333333333336,0.49166666666666664,False,3.925
5.0,combined,weak,205,0.01861111111111111,0.43283582089552236,0.026835122519583626,0.06923076923076923,0.18181549720323015,0.505,0.03833333333333334,0.505,False,3.925
5.0,combined,weak,206,0.01902777777777778,0.291970802919708,0.07819771070067964,0.031746031746031744,0.19612174451886807,0.5052083333333334,0.03722222222222222,0.5052083333333334,False,3.925
5.0,combined,weak,207,0.016805555555555556,0.33884297520661155,0.06613557630057913,0.02608695652173913,0.17709068096401562,0.51375,0.03333333333333333,0.51375,False,3.925
5.0,combined,weak,208,0.014027777777777778,0.25742574257425743,0.12392932457927605,0.041666666666666664,0.16711958221960954,0.5008333333333334,0.03125000000000001,0.5008333333333334,False,3.925
5.0,combined,medium,201,0.013472222222222222,0.26804123711340205,0.03657807783411691,0.0707070707070707,0.18407284287697212,0.550625,0.02972222222222222,0.550625,False,3.925
5.0,combined,medium,202,0.01625,0.3333333333333333,0.03938448415232061,0.045454545454545456,0.17530523185350325,0.54,0.033888888888888885,0.54,False,3.925
5.0,combined,medium,203,0.0175,0.3968253968253968,0.0317785946236328,0.02631578947368421,0.19938849438300932,0.566875,0.03333333333333333,0.566875,False,3.925
5.0,combined,medium,204,0.01611111111111111,0.3706896551724138,0.02306343774838637,0.01818181818181818,0.18289797884201958,0.5395833333333333,0.03347222222222223,0.5395833333333333,False,3.925
5.0,combined,medium,205,0.017361111111111112,0.312,0.012768767903789424,0.008620689655172414,0.1998368274985112,0.5702083333333333,0.03444444444444444,0.5702083333333333,False,3.925
5.0,combined,medium,206,0.015833333333333335,0.34210526315789475,0.03669991370153971,0.037383177570093455,0.1907497967535251,0.523125,0.03375,0.523125,False,3.925
5.0,combined,medium,207,0.013888888888888888,0.31,0.04963751320507433,0.0425531914893617,0.17494747907223238,0.5441666666666667,0.02916666666666667,0.5441666666666667,False,3.925
5.0,combined,medium,208,0.014583333333333334,0.49523809523809526,0.03567785014304896,0.06930693069306931,0.17848673138610285,0.5397916666666667,0.03138888888888889,0.5397916666666667,False,3.925
5.0,combined,strong,201,0.012361111111111111,0.38202247191011235,-0.039852606593802804,0.0,0.18616524805721327,0.5770833333333333,0.025277777777777777,0.5770833333333333,False,3.925
5.0,combined,strong,202,0.01375,0.37373737373737376,-0.04405887310342786,0.042105263157894736,0.18867780993472305,0.5729166666666666,0.025694444444444447,0.5729166666666666,False,3.925
5.0,combined,strong,203,0.014444444444444444,0.375,-0.019844073208144578,0.030612244897959183,0.1933571837284286,0.5952083333333333,0.028333333333333332,0.5952083333333333,False,3.925
5.0,combined,strong,204,0.017361111111111112,0.36,0.019265746742299916,0.02654867256637168,0.18505800060606836,0.5616666666666666,0.02888888888888889,0.5616666666666666,False,3.925
5.0,combined,strong,205,0.01638888888888889,0.3813559322033898,-0.03541729507555269,0.04424778761061947,0.21358700650886614,0.6089583333333334,0.030138888888888885,0.6089583333333334,False,3.925
5.0,combined,strong,206,0.016666666666666666,0.475,-0.04677898167712691,0.035398230088495575,0.19409452887464945,0.5672916666666666,0.030833333333333334,0.5672916666666666,False,3.925
5.0,combined,strong,207,0.0125,0.28888888888888886,0.014988518337268891,0.0,0.18839172691742745,0.584375,0.027361111111111114,0.584375,False,3.925
5.0,combined,strong,208,0.013888888888888888,0.25,0.06220972806439364,0.07142857142857142,0.17901831996864762,0.54,0.029305555555555557,0.54,False,3.925
10.0,baseline,weak,201,0.003472222222222222,0.12,0.25643959809697087,0.041666666666666664,0.16085282460175426,0.6714583333333334,0.022083333333333333,0.6714583333333334,False,3.925
10.0,baseline,weak,202,0.0033333333333333335,0.041666666666666664,0.2878644707924616,0.0,0.15112186783901807,0.7116666666666667,0.019444444444444448,0.7116666666666667,False,3.925
10.0,baseline,weak,203,0.0016666666666666668,0.16666666666666666,0.051709324819615654,0.0,0.16574595485752772,0.719375,0.021944444444444444,0.719375,False,3.925
10.0,baseline,weak,204,0.0016666666666666668,0.0,0.28444056043183175,0.0,0.15887382426789223,0.7202083333333333,0.019861111111111114,0.7202083333333333,False,3.925
10.0,baseline,weak,205,0.0030555555555555557,0.045454545454545456,0.16232539752188244,0.0,0.16523624169722756,0.71125,0.02236111111111111,0.71125,False,3.925
10.0,baseline,weak,206,0.0038888888888888888,0.21428571428571427,0.20284469934689767,0.0,0.15761800901704826,0.6745833333333333,0.026388888888888892,0.6745833333333333,False,3.925
10.0,baseline,weak,207,0.003472222222222222,0.08,0.35668760793209925,0.0,0.16433029412792205,0.6764583333333334,0.022500000000000003,0.6764583333333334,False,3.925
10.0,baseline,weak,208,0.0019444444444444444,0.14285714285714285,0.2811761650097585,0.0,0.16802180777599862,0.745,0.01861111111111111,0.745,False,3.925
10.0,baseline,medium,201,0.0018055555555555555,0.0,-0.02250131422799231,0.0,0.16613383287472056,0.7622916666666667,0.014861111111111111,0.7622916666666667,False,3.925
10.0,baseline,medium,202,0.0011111111111111111,0.125,0.16513884508331184,0.0,0.16041262333596207,0.7235416666666666,0.017083333333333336,0.7235416666666666,False,3.925
10.0,baseline,medium,203,0.0011111111111111111,0.125,0.1116242881306176,0.0,0.16858593747065814,0.7410416666666667,0.017361111111111112,0.7410416666666667,False,3.925
10.0,baseline,medium,204,0.0025,0.0,0.38124495480332604,0.0,0.16413060271138533,0.69875,0.020833333333333332,0.69875,False,3.925
10.0,baseline,medium,205,0.002777777777777778,0.05,0.12754578201023875,0.0,0.16998054709875945,0.7677083333333333,0.016805555555555556,0.7677083333333333,False,3.925
10.0,baseline,medium,206,0.002916666666666667,0.0,0.3310555049267361,0.0,0.15878759825440397,0.7104166666666667,0.01916666666666667,0.7104166666666667,False,3.925
10.0,baseline,medium,207,0.0020833333333333333,0.0,0.24842411928264477,0.0,0.16179868778188763,0.750625,0.015555555555555557,0.750625,False,3.925
10.0,baseline,medium,208,0.002916666666666667,0.0,0.29738421540612575,0.0,0.16242453122471795,0.7435416666666667,0.016944444444444446,0.7435416666666667,False,3.925
10.0,baseline,strong,201,0.00125,0.0,0.11558514284378675,0.0,0.1628120344993784,0.7666666666666667,0.012083333333333335,0.7666666666666667,False,3.925
10.0,baseline,strong,202,0.0018055555555555555,0.23076923076923078,0.01148751300730745,0.0,0.16263458252988586,0.7797916666666667,0.010694444444444446,0.7797916666666667,False,3.925
10.0,baseline,strong,203,0.002638888888888889,0.15789473684210525,0.10405645628059808,0.0,0.17285127342370749,0.76375,0.015,0.76375,False,3.925
10.0,baseline,strong,204,0.0019444444444444444,0.0,-0.0015884325423994614,0.0,0.1627947140029769,0.78375,0.013472222222222224,0.78375,False,3.925
10.0,baseline,strong,205,0.0015277777777777779,0.09090909090909091,0.06786253779499751,0.0,0.16999836837852095,0.7885416666666667,0.012222222222222223,0.7885416666666667,False,3.925
10.0,baseline,strong,206,0.002916666666666667,0.047619047619047616,0.08684797132434421,0.0,0.16615611917449385,0.7760416666666666,0.013611111111111114,0.7760416666666666,False,3.925
10.0,baseline,strong,207,0.0018055555555555555,0.38461538461538464,-0.1410475794640065,0.0,0.1645111306713223,0.7997916666666667,0.00986111111111111,0.7997916666666667,False,3.925
10.0,baseline,strong,208,0.001388888888888889,0.0,0.21648612964600894,0.09090909090909091,0.16269079093565408,0.7633333333333333,0.01486111111111111,0.7633333333333333,False,3.925
10.0,combined,weak,201,0.01361111111111111,0.25510204081632654,0.18625252999186373,0.0,0.17299450888128468,0.6654166666666667,0.02916666666666667,0.6654166666666667,False,3.925
10.0,combined,weak,202,0.013333333333333334,0.25,0.22353180942154083,0.03260869565217391,0.1719721793941993,0.6845833333333333,0.027916666666666663,0.6845833333333333,False,3.925
10.0,combined,weak,203,0.015,0.32407407407407407,0.15044400408391778,0.04,0.18679494288036796,0.659375,0.03347222222222222,0.659375,False,3.925
10.0,combined,weak,204,0.016666666666666666,0.3416666666666667,0.18117589578197776,0.037383177570093455,0.17359207353109307,0.68125,0.03263888888888889,0.68125,False,3.925
10.0,combined,weak,205,0.015416666666666667,0.27927927927927926,0.2163753379658715,0.0297029702970297,0.17880198019801027,0.6583333333333333,0.03166666666666667,0.6583333333333333,False,3.925
10.0,combined,weak,206,0.014583333333333334,0.3333333333333333,0.18526675027602374,0.010416666666666666,0.18118837697693715,0.6695833333333333,0.03180555555555555,0.6695833333333333,False,3.925
10.0,combined,weak,207,0.01375,0.2727272727272727,0.22352740627745124,0.011111111111111112,0.16729534030418222,0.6327083333333333,0.03166666666666667,0.6327083333333333,False,3.925
10.0,combined,weak,208,0.013194444444444444,0.24210526315789474,0.21555197179343602,0.0,0.1696151084777497,0.6766666666666666,0.027499999999999997,0.6766666666666666,False,3.925
10.0,combined,medium,201,0.010972222222222222,0.21518987341772153,0.19211206746552806,0.0,0.17937167250382946,0.721875,0.020833333333333332,0.721875,False,3.925
10.0,combined,medium,202,0.012916666666666667,0.3333333333333333,0.11933560571110595,0.0,0.17016714425929094,0.73125,0.025277777777777777,0.73125,False,3.925
10.0,combined,medium,203,0.01125,0.2962962962962963,0.09976263157487691,0.0,0.18138592676271922,0.731875,0.025833333333333337,0.731875,False,3.925
10.0,combined,medium,204,0.010833333333333334,0.2948717948717949,0.19732338085497303,0.013888888888888888,0.16398878128408037,0.73375,0.020694444444444446,0.73375,False,3.925
10.0,combined,medium,205,0.012638888888888889,0.31868131868131866,0.1682308794113421,0.033707865168539325,0.17953468254046984,0.7422916666666667,0.023472222222222224,0.7422916666666667,False,3.925
10.0,combined,medium,206,0.014166666666666666,0.35294117647058826,0.15271225826787588,0.01098901098901099,0.18244877046518876,0.6820833333333334,0.025416666666666667,0.6820833333333334,False,3.925
10.0,combined,medium,207,0.013472222222222222,0.27835051546391754,0.18321004392070075,0.022727272727272728,0.1776249020639578,0.731875,0.022500000000000003,0.731875,False,3.925
10.0,combined,medium,208,0.012361111111111111,0.3707865168539326,0.1801901514867933,0.03614457831325301,0.16336107083493565,0.6985416666666666,0.025416666666666667,0.6985416666666666,False,3.925
10.0,combined,strong,201,0.009305555555555555,0.2537313432835821,0.15978805308318403,0.03225806451612903,0.17892818369074862,0.7745833333333333,0.017638888888888888,0.7745833333333333,False,3.925
10.0,combined,strong,202,0.00875,0.2698412698412698,0.10138075589434879,0.0,0.173320241902462,0.7608333333333334,0.015972222222222224,0.7608333333333334,False,3.925
10.0,combined,strong,203,0.008611111111111111,0.3225806451612903,0.1777154061682059,0.0,0.17995856315941622,0.756875,0.02013888888888889,0.756875,False,3.925
10.0,combined,strong,204,0.011944444444444445,0.26744186046511625,0.09124939956534842,0.0,0.17141002237594316,0.7522916666666667,0.020972222222222225,0.7522916666666667,False,3.925
10.0,combined,strong,205,0.012777777777777779,0.3695652173913043,0.09212614028329374,0.023529411764705882,0.188849544797339,0.7897916666666667,0.01930555555555556,0.7897916666666667,False,3.925
10.0,combined,strong,206,0.009305555555555555,0.2835820895522388,0.10653858686987222,0.01639344262295082,0.17569773494536542,0.7529166666666667,0.01625,0.7529166666666667,False,3.925
10.0,combined,strong,207,0.009305555555555555,0.34328358208955223,0.13654942647591134,0.016129032258064516,0.17653617092159948,0.771875,0.015833333333333335,0.771875,False,3.925
10.0,combined,strong,208,0.01138888888888889,0.2926829268292683,0.1485972311077217,0.025,0.17121067766941736,0.7404166666666666,0.020138888888888887,0.7404166666666666,False,3.925
0.0,baseline,weak,201,0.0031944444444444446,0.0,0.009473127797220482,0.0,0.15451127919901314,0.15083333333333335,0.034305555555555554,0.15083333333333335,True,3.925
0.0,baseline,weak,202,0.005,0.1388888888888889,-0.006932705944520497,0.0,0.15232250891631474,0.15770833333333334,0.03708333333333333,0.15770833333333334,True,3.925
0.0,baseline,weak,203,0.005555555555555556,0.125,0.01602380173123378,0.05555555555555555,0.16307348145519615,0.16,0.037083333333333336,0.16,True,3.925
0.0,baseline,weak,204,0.005277777777777778,0.13157894736842105,0.04409185661238441,0.0,0.16570268976953856,0.16833333333333333,0.034444444444444444,0.16833333333333333,True,3.925
0.0,baseline,weak,205,0.004861111111111111,0.17142857142857143,-0.010423713908383715,0.0,0.15774613113021332,0.163125,0.035555555555555556,0.163125,True,3.925
0.0,baseline,weak,206,0.004166666666666667,0.2,-0.02889723071438625,0.0,0.15612838828167694,0.16458333333333333,0.04,0.16458333333333333,True,3.925
0.0,baseline,weak,207,0.0044444444444444444,0.09375,0.03710029121483728,0.0,0.15266587374027624,0.15666666666666668,0.037916666666666675,0.15666666666666668,True,3.925
0.0,baseline,weak,208,0.0059722222222222225,0.20930232558139536,0.007018710402608451,0.0,0.16085331160783894,0.16395833333333334,0.03597222222222222,0.16395833333333334,True,3.925
0.0,baseline,medium,201,0.004583333333333333,0.030303030303030304,-0.012681889828036669,0.0,0.16182072511243356,0.16041666666666668,0.03819444444444445,0.16041666666666668,True,3.925
0.0,baseline,medium,202,0.004722222222222222,0.08823529411764706,0.019842663356109375,0.0,0.1646642241447823,0.164375,0.041944444444444444,0.164375,True,3.925
0.0,baseline,medium,203,0.004861111111111111,0.08571428571428572,-0.03344532200693846,0.02857142857142857,0.1710437347737569,0.16770833333333332,0.03916666666666666,0.16770833333333332,True,3.925
0.0,baseline,medium,204,0.006111111111111111,0.18181818181818182,-0.013817592255803686,0.0,0.16460564448722317,0.17041666666666666,0.04027777777777777,0.17041666666666666,True,3.925
0.0,baseline,medium,205,0.005833333333333334,0.14285714285714285,-0.0385329803139793,0.0,0.1735210165225542,0.17666666666666667,0.041666666666666664,0.17666666666666667,True,3.925
0.0,baseline,medium,206,0.004722222222222222,0.058823529411764705,-0.03394256706636696,0.03225806451612903,0.15736256012922353,0.159375,0.04,0.159375,True,3.925
0.0,baseline,medium,207,0.00375,0.07407407407407407,0.07884535817178628,0.0,0.1716724467276998,0.1875,0.042222222222222223,0.1875,True,3.925
0.0,baseline,medium,208,0.005833333333333334,0.09523809523809523,-0.006966084302291806,0.0,0.16058650862820745,0.16791666666666666,0.03944444444444444,0.16791666666666666,True,3.925
0.0,baseline,strong,201,0.004027777777777778,0.034482758620689655,-0.03811998966887921,0.0,0.17412874584157137,0.19104166666666667,0.041666666666666664,0.19104166666666667,True,3.925
0.0,baseline,strong,202,0.00625,0.08888888888888889,-0.03270341175122673,0.0,0.17715723888010396,0.183125,0.04583333333333333,0.183125,True,3.925
0.0,baseline,strong,203,0.0038888888888888888,0.07142857142857142,0.009904727066710944,0.0,0.17675341457222224,0.18583333333333332,0.04513888888888889,0.18583333333333332,True,3.925
0.0,baseline,strong,204,0.005833333333333334,0.19047619047619047,0.018071450410975756,0.0,0.15696236106036573,0.16375,0.04819444444444445,0.16375,True,3.925
0.0,baseline,strong,205,0.00625,0.17777777777777778,-0.03590327177599527,0.0,0.16848370990360162,0.176875,0.04791666666666666,0.176875,True,3.925
0.0,baseline,strong,206,0.00625,0.3333333333333333,-0.08475833575265221,0.0,0.17321404076512364,0.17604166666666668,0.05041666666666666,0.17604166666666668,True,3.925
0.0,baseline,strong,207,0.005,0.027777777777777776,-0.006872691010649674,0.02857142857142857,0.18221536939109026,0.18583333333333332,0.03763888888888889,0.18583333333333332,True,3.925
0.0,baseline,strong,208,0.005416666666666667,0.15384615384615385,-0.032830637374379926,0.0,0.163383137604254,0.17041666666666666,0.04402777777777778,0.17041666666666666,True,3.925
0.0,combined,weak,201,0.021388888888888888,0.2987012987012987,-0.10293375455236158,0.09868421052631579,0.183840719877059,0.200625,0.04569444444444445,0.200625,True,3.925
0.0,combined,weak,202,0.019444444444444445,0.37142857142857144,-0.10586062624013191,0.0948905109489051,0.18086996324876017,0.19520833333333334,0.04722222222222222,0.19520833333333334,True,3.925
0.0,combined,weak,203,0.022083333333333333,0.3836477987421384,-0.0995451889191734,0.0472972972972973,0.19189559523946817,0.20604166666666668,0.04708333333333334,0.20604166666666668,True,3.925
0.0,combined,weak,204,0.020833333333333332,0.34,-0.06817264077602085,0.11333333333333333,0.17945513196769244,0.19479166666666667,0.04680555555555555,0.19479166666666667,True,3.925
0.0,combined,weak,205,0.020972222222222222,0.36423841059602646,-0.0966054335050169,0.046052631578947366,0.19507110412815526,0.20458333333333334,0.04666666666666666,0.20458333333333334,True,3.925
0.0,combined,weak,206,0.02125,0.28104575163398693,-0.11382691216046405,0.047619047619047616,0.2031150499932215,0.2275,0.04777777777777778,0.2275,True,3.925
0.0,combined,weak,207,0.020277777777777777,0.3835616438356164,-0.07361728529044356,0.05755395683453238,0.18203582005493857,0.188125,0.04611111111111111,0.188125,True,3.925
0.0,combined,weak,208,0.017638888888888888,0.30708661417322836,-0.0623324549119967,0.1297709923664122,0.16847284680939142,0.17145833333333332,0.04541666666666667,0.17145833333333332,True,3.925
0.0,combined,medium,201,0.022222222222222223,0.43125,-0.09979975162176839,0.12578616352201258,0.1899478622407034,0.21270833333333333,0.04972222222222222,0.21270833333333333,True,3.925
0.0,combined,medium,202,0.02361111111111111,0.4117647058823529,-0.1068097858124815,0.10982658959537572,0.1933150420362196,0.21208333333333335,0.0513888888888889,0.21208333333333335,True,3.925
0.0,combined,medium,203,0.02277777777777778,0.4146341463414634,-0.10685142953394824,0.11242603550295859,0.2010075688305807,0.203125,0.04944444444444445,0.203125,True,3.925
0.0,combined,medium,204,0.025833333333333333,0.44623655913978494,-0.12631899568562985,0.11351351351351352,0.2033319936655384,0.22625,0.05569444444444444,0.22625,True,3.925
0.0,combined,medium,205,0.023333333333333334,0.40476190476190477,-0.11617241456133968,0.10404624277456648,0.2028791123859952,0.21645833333333334,0.045138888888888895,0.21645833333333334,True,3.925
0.0,combined,medium,206,0.024583333333333332,0.4689265536723164,-0.13763235601566645,0.1092896174863388,0.20239755879220245,0.21395833333333333,0.05375,0.21395833333333333,True,3.925
0.0,combined,medium,207,0.0225,0.4444444444444444,-0.08483586151152007,0.1411764705882353,0.1924886210047638,0.20854166666666665,0.04805555555555555,0.20854166666666665,True,3.925
0.0,combined,medium,208,0.02388888888888889,0.42441860465116277,-0.0911887099848028,0.1340782122905028,0.1858719083000792,0.195,0.04902777777777778,0.195,True,3.925
0.0,combined,strong,201,0.027083333333333334,0.5025641025641026,-0.16680414047130687,0.1712962962962963,0.22313724330224327,0.25416666666666665,0.05305555555555556,0.25416666666666665,True,3.925
0.0,combined,strong,202,0.026111111111111113,0.4734042553191489,-0.1367328481071097,0.15422885572139303,0.21269618744772606,0.235,0.053888888888888896,0.235,True,3.925
0.0,combined,strong,203,0.02638888888888889,0.42105263157894735,-0.1436006624147034,0.13793103448275862,0.22172083240864726,0.24229166666666666,0.05430555555555556,0.24229166666666666,True,3.925
0.0,combined,strong,204,0.02666666666666667,0.4635416666666667,-0.13346974847929136,0.1619047619047619,0.20367835206732857,0.23479166666666668,0.055833333333333325,0.23479166666666668,True,3.925
0.0,combined,strong,205,0.025694444444444443,0.41081081081081083,-0.13281803164506686,0.13,0.21967724343864112,0.24333333333333335,0.05722222222222221,0.24333333333333335,True,3.925
0.0,combined,strong,206,0.02861111111111111,0.5388349514563107,-0.17506830995239087,0.1409090909090909,0.2354099939972896,0.26104166666666667,0.059166666666666666,0.26104166666666667,True,3.925
0.0,combined,strong,207,0.021388888888888888,0.37012987012987014,-0.07742263056714409,0.10126582278481013,0.19336381292400148,0.20708333333333334,0.04583333333333334,0.20708333333333334,True,3.925
0.0,combined,strong,208,0.02347222222222222,0.47337278106508873,-0.12162274132194431,0.14054054054054055,0.19137115102042315,0.216875,0.05013888888888889,0.216875,True,3.925
2.0,baseline,weak,201,0.004861111111111111,0.17142857142857143,-0.01082839984065847,0.03125,0.15565943813756042,0.285625,0.03888888888888888,0.285625,True,3.719
2.0,baseline,weak,202,0.006666666666666667,0.1875,0.037894200146872406,0.0,0.15657113556553415,0.2833333333333333,0.043333333333333335,0.2833333333333333,True,3.719
2.0,baseline,weak,203,0.005555555555555556,0.075,0.1127317067745062,0.0,0.16131704440518793,0.289375,0.04069444444444444,0.289375,True,3.719
2.0,baseline,weak,204,0.00625,0.06666666666666667,0.05456952690418312,0.0,0.1500755532709786,0.263125,0.041944444444444444,0.263125,True,3.719
2.0,baseline,weak,205,0.005138888888888889,0.08108108108108109,0.07116246576389489,0.0,0.16371617760263366,0.3025,0.04013888888888889,0.3025,True,3.719
2.0,baseline,weak,206,0.003611111111111111,0.11538461538461539,0.059588395211757676,0.0,0.15494051495216013,0.28125,0.03805555555555555,0.28125,True,3.719
2.0,baseline,weak,207,0.0044444444444444444,0.0625,0.09565779098197731,0.0,0.16301666180519997,0.29625,0.037361111111111116,0.29625,True,3.719
2.0,baseline,weak,208,0.0044444444444444444,0.0625,0.05846104912496297,0.09090909090909091,0.16401510133310637,0.288125,0.036944444444444446,0.288125,True,3.719
2.0,baseline,medium,201,0.004583333333333333,0.12121212121212122,0.05002033837062541,0.0,0.16401256554672153,0.299375,0.04055555555555555,0.299375,True,3.719
2.0,baseline,medium,202,0.00625,0.1111111111111111,0.1063954793846978,0.024390243902439025,0.16528948168574933,0.2864583333333333,0.04263888888888889,0.2864583333333333,True,3.719
2.0,baseline,medium,203,0.004166666666666667,0.03333333333333333,0.0557017215072358,0.0,0.16693065948877447,0.30520833333333336,0.04027777777777778,0.30520833333333336,True,3.719
2.0,baseline,medium,204,0.00375,0.037037037037037035,0.07765994753692584,0.07142857142857142,0.15626089731922704,0.2789583333333333,0.04347222222222222,0.2789583333333333,True,3.719
2.0,baseline,medium,205,0.005416666666666667,0.15384615384615385,0.011193958269740005,0.0,0.17685650859700802,0.32645833333333335,0.03694444444444444,0.32645833333333335,True,3.719
2.0,baseline,medium,206,0.006527777777777778,0.19148936170212766,0.07255304821665803,0.022222222222222223,0.15599635834134498,0.278125,0.044722222222222226,0.278125,True,3.719
2.0,baseline,medium,207,0.005694444444444445,0.12195121951219512,0.037509834426338394,0.05,0.17188970297508935,0.31583333333333335,0.03861111111111112,0.31583333333333335,True,3.719
2.0,baseline,medium,208,0.005416666666666667,0.1794871794871795,0.07017129339783096,0.0,0.16493194602484654,0.30020833333333335,0.036666666666666674,0.30020833333333335,True,3.719
2.0,baseline,strong,201,0.005138888888888889,0.10810810810810811,0.029722611664510738,0.0,0.1675988205375494,0.32916666666666666,0.03666666666666667,0.32916666666666666,True,3.719
2.0,baseline,strong,202,0.006527777777777778,0.1702127659574468,0.02158125124366304,0.0,0.16833270827679347,0.31604166666666667,0.04083333333333334,0.31604166666666667,True,3.719
2.0,baseline,strong,203,0.006527777777777778,0.0425531914893617,0.022536019688282883,0.0,0.17848420870771614,0.33958333333333335,0.04027777777777778,0.33958333333333335,True,3.719
2.0,baseline,strong,204,0.004722222222222222,0.11764705882352941,0.09305140007503929,0.0,0.17407966753927157,0.3177083333333333,0.042083333333333334,0.3177083333333333,True,3.719
2.0,baseline,strong,205,0.005416666666666667,0.20512820512820512,0.008902089535380938,0.0,0.18225867828983863,0.33270833333333333,0.03847222222222223,0.33270833333333333,True,3.719
2.0,baseline,strong,206,0.004027777777777778,0.1724137931034483,-0.05329886703964453,0.0,0.1646114869058987,0.3022916666666667,0.043888888888888894,0.3022916666666667,True,3.719
2.0,baseline,strong,207,0.004166666666666667,0.1,-0.023255064496877125,0.0,0.1840188134617463,0.3329166666666667,0.03986111111111111,0.3329166666666667,True,3.719
2.0,baseline,strong,208,0.006805555555555555,0.061224489795918366,0.034542240433048446,0.06521739130434782,0.16575764010592986,0.31333333333333335,0.04,0.31333333333333335,True,3.719
2.0,combined,weak,201,0.02125,0.35294117647058826,-0.03251236616327018,0.058823529411764705,0.19494494906104623,0.3229166666666667,0.04833333333333334,0.3229166666666667,True,3.719
2.0,combined,weak,202,0.024583333333333332,0.3898305084745763,-0.036681653448097665,0.11235955056179775,0.20116573725730252,0.320625,0.052638888888888895,0.320625,True,3.719
2.0,combined,weak,203,0.023055555555555555,0.3253012048192771,-0.03641196324726905,0.10714285714285714,0.1924155337710274,0.32958333333333334,0.050833333333333335,0.32958333333333334,True,3.719
2.0,combined,weak,204,0.020972222222222222,0.44370860927152317,-0.043987940705834234,0.11612903225806452,0.17918251772778013,0.298125,0.049861111111111106,0.298125,True,3.719
2.0,combined,weak,205,0.021805555555555557,0.40764331210191085,-0.06378678915402808,0.09316770186335403,0.1924457828085787,0.32104166666666667,0.04819444444444445,0.32104166666666667,True,3.719
2.0,combined,weak,206,0.02625,0.49206349206349204,-0.06901045010235575,0.040697674418604654,0.2205803912794174,0.33541666666666664,0.05652777777777777,0.33541666666666664,True,3.719
2.0,combined,weak,207,0.021527777777777778,0.4064516129032258,-0.03668927224622153,0.08441558441558442,0.1884356583706591,0.31833333333333336,0.04972222222222222,0.31833333333333336,True,3.719
2.0,combined,weak,208,0.022916666666666665,0.4484848484848485,-0.03547291757095614,0.125,0.17633586370594748,0.2916666666666667,0.05194444444444445,0.2916666666666667,True,3.719
2.0,combined,medium,201,0.02388888888888889,0.4476744186046512,-0.054282313858300534,0.096045197740113,0.21266143220214473,0.3597916666666667,0.04708333333333334,0.3597916666666667,True,3.719
2.0,combined,medium,202,0.023194444444444445,0.4550898203592814,-0.05366028416327124,0.14689265536723164,0.20075207276838067,0.3410416666666667,0.05069444444444445,0.3410416666666667,True,3.719
2.0,combined,medium,203,0.024027777777777776,0.4046242774566474,-0.060048191976915084,0.06976744186046512,0.21103713520296907,0.35833333333333334,0.05263888888888888,0.35833333333333334,True,3.719
2.0,combined,medium,204,0.02652777777777778,0.49214659685863876,-0.0743992887541554,0.1306532663316583,0.20074809480949315,0.35020833333333334,0.051388888888888894,0.35020833333333334,True,3.719
2.0,combined,medium,205,0.023194444444444445,0.41916167664670656,-0.05734804008232881,0.06097560975609756,0.20565408806949276,0.3541666666666667,0.04847222222222222,0.3541666666666667,True,3.719
2.0,combined,medium,206,0.02625,0.5291005291005291,-0.11267096268315603,0.05027932960893855,0.2218037569757703,0.345,0.05555555555555556,0.345,True,3.719
2.0,combined,medium,207,0.0225,0.4074074074074074,-0.05802443609001687,0.10975609756097561,0.2008324179792476,0.3591666666666667,0.04805555555555555,0.3591666666666667,True,3.719
2.0,combined,medium,208,0.02236111111111111,0.39751552795031053,-0.035655041605870026,0.11176470588235295,0.18275781025088203,0.3154166666666667,0.05083333333333332,0.3154166666666667,True,3.719
2.0,combined,strong,201,0.021388888888888888,0.37662337662337664,-0.0722442389449575,0.11180124223602485,0.203412716737174,0.36875,0.04694444444444445,0.36875,True,3.719
2.0,combined,strong,202,0.026805555555555555,0.49222797927461137,-0.11136459080849243,0.10309278350515463,0.22807316224494817,0.395625,0.05347222222222223,0.395625,True,3.719
2.0,combined,strong,203,0.025694444444444443,0.44324324324324327,-0.10574082530244205,0.15736040609137056,0.23035701507294826,0.39145833333333335,0.05069444444444444,0.39145833333333335,True,3.719
2.0,combined,strong,204,0.024722222222222222,0.47191011235955055,-0.10437802700105664,0.17258883248730963,0.20565874739329995,0.33916666666666667,0.05069444444444445,0.33916666666666667,True,3.719
2.0,combined,strong,205,0.02763888888888889,0.49246231155778897,-0.10945502844114356,0.12560386473429952,0.2362608625838106,0.39875,0.051111111111111114,0.39875,True,3.719
2.0,combined,strong,206,0.027777777777777776,0.56,-0.13653959319655523,0.07772020725388601,0.23539013360896527,0.38708333333333333,0.05541666666666666,0.38708333333333333,True,3.719
2.0,combined,strong,207,0.02263888888888889,0.44171779141104295,-0.10184646672107166,0.1564245810055866,0.20739864206786215,0.36875,0.046250000000000006,0.36875,True,3.719
2.0,combined,strong,208,0.021527777777777778,0.3935483870967742,-0.0955902754057098,0.1317365269461078,0.19918980651150184,0.34020833333333333,0.049166666666666664,0.34020833333333333,True,3.719
5.0,baseline,weak,201,0.0059722222222222225,0.16279069767441862,0.1537803555914013,0.0,0.15963991287332643,0.45375,0.04638888888888889,0.45375,True,3.4158
5.0,baseline,weak,202,0.005416666666666667,0.1282051282051282,0.13793648656940402,0.0,0.15908306429393246,0.41854166666666665,0.04847222222222222,0.41854166666666665,True,3.4158
5.0,baseline,weak,203,0.0075,0.037037037037037035,0.1041260891324881,0.0,0.16552570802616667,0.486875,0.043472222222222225,0.486875,True,3.4158
5.0,baseline,weak,204,0.007222222222222222,0.15384615384615385,0.08463607574886489,0.020833333333333332,0.1596737106123987,0.4475,0.049305555555555554,0.4475,True,3.4158
5.0,baseline,weak,205,0.005555555555555556,0.05,0.08024688860097864,0.0,0.17198066840929943,0.46729166666666666,0.04513888888888889,0.46729166666666666,True,3.4158
5.0,baseline,weak,206,0.007638888888888889,0.07272727272727272,0.12963206281323222,0.0,0.15560793286965277,0.41083333333333333,0.05333333333333332,0.41083333333333333,True,3.4158
5.0,baseline,weak,207,0.006111111111111111,0.11363636363636363,0.11032770253191874,0.0,0.16345098768627414,0.48125,0.04388888888888889,0.48125,True,3.4158
5.0,baseline,weak,208,0.00625,0.13333333333333333,0.13947563738372226,0.06382978723404255,0.16063604701070225,0.450625,0.04305555555555555,0.450625,True,3.4158
5.0,baseline,medium,201,0.0044444444444444444,0.0625,0.055672681967714945,0.06451612903225806,0.17703732798222316,0.5154166666666666,0.03986111111111111,0.5154166666666666,True,3.4158
5.0,baseline,medium,202,0.004722222222222222,0.11764705882352941,0.11723199757624508,0.0,0.17398929122816642,0.5208333333333334,0.04097222222222222,0.5208333333333334,True,3.4158
5.0,baseline,medium,203,0.005138888888888889,0.13513513513513514,0.09393113770382419,0.0,0.1838897937582715,0.5125,0.042777777777777776,0.5125,True,3.4158
5.0,baseline,medium,204,0.00375,0.1111111111111111,0.03148530321888442,0.03571428571428571,0.16625064351418123,0.5045833333333334,0.042222222222222223,0.5045833333333334,True,3.4158
5.0,baseline,medium,205,0.007361111111111111,0.1509433962264151,0.040019135331228216,0.022222222222222223,0.17171493928130258,0.4872916666666667,0.043333333333333335,0.4872916666666667,True,3.4158
5.0,baseline,medium,206,0.006388888888888889,0.1956521739130435,0.11118190836029056,0.0,0.15500090981192075,0.461875,0.042916666666666665,0.461875,True,3.4158
5.0,baseline,medium,207,0.005,0.08333333333333333,0.1111744913305283,0.03333333333333333,0.17527407443042345,0.51125,0.04013888888888889,0.51125,True,3.4158
5.0,baseline,medium,208,0.0044444444444444444,0.15625,0.18737322701827458,0.0,0.16766355940350633,0.509375,0.03652777777777778,0.509375,True,3.4158
5.0,baseline,strong,201,0.004166666666666667,0.03333333333333333,0.08371197879799777,0.0,0.17666132101246304,0.534375,0.035555555555555556,0.534375,True,3.4158
5.0,baseline,strong,202,0.005694444444444445,0.1951219512195122,0.01523913050185687,0.0,0.1754899888565761,0.5297916666666667,0.036944444444444446,0.5297916666666667,True,3.4158
5.0,baseline,strong,203,0.004861111111111111,0.08571428571428572,0.06951185495141088,0.0,0.17953518863257587,0.5260416666666666,0.03861111111111112,0.5260416666666666,True,3.4158
5.0,baseline,strong,204,0.005138888888888889,0.05405405405405406,0.04893173014228047,0.0,0.1710695021219925,0.521875,0.03666666666666667,0.521875,True,3.4158
5.0,baseline,strong,205,0.0059722222222222225,0.16279069767441862,0.061313005913799616,0.02564102564102564,0.17616779254831122,0.5133333333333333,0.04055555555555556,0.5133333333333333,True,3.4158
5.0,baseline,strong,206,0.007638888888888889,0.23636363636363636,0.04889272598740406,0.0,0.16754729177276387,0.49375,0.04402777777777778,0.49375,True,3.4158
5.0,baseline,strong,207,0.0043055555555555555,0.06451612903225806,-0.020550627163218434,0.11764705882352941,0.18101738613982807,0.5452083333333333,0.032916666666666664,0.5452083333333333,True,3.4158
5.0,baseline,strong,208,0.0059722222222222225,0.06976744186046512,0.1394368547734937,0.025,0.1709555024654273,0.47541666666666665,0.037777777777777785,0.47541666666666665,True,3.4158
5.0,combined,weak,201,0.023194444444444445,0.40119760479041916,0.02239578034583723,0.11797752808988764,0.19013908950377825,0.4508333333333333,0.05444444444444444,0.4508333333333333,True,3.4158
5.0,combined,weak,202,0.025555555555555557,0.43478260869565216,0.03796834229872665,0.11702127659574468,0.2085395151234086,0.4639583333333333,0.056805555555555554,0.4639583333333333,True,3.4158
5.0,combined,weak,203,0.02375,0.4444444444444444,0.01718323077116379,0.10919540229885058,0.20595309654894564,0.4741666666666667,0.05541666666666666,0.4741666666666667,True,3.4158
5.0,combined,weak,204,0.025833333333333333,0.3924731182795699,0.05122291858783049,0.1568627450980392,0.19919928874075898,0.49375,0.05347222222222222,0.49375,True,3.4158
5.0,combined,weak,205,0.024722222222222222,0.33146067415730335,0.028509437150855164,0.15463917525773196,0.19666814401020963,0.4579166666666667,0.06,0.4579166666666667,True,3.4158
5.0,combined,weak,206,0.02652777777777778,0.450261780104712,0.0029172613825139276,0.1065989847715736,0.21953121439027123,0.461875,0.06013888888888889,0.461875,True,3.4158
5.0,combined,weak,207,0.02347222222222222,0.41420118343195267,0.023853497481766465,0.1388888888888889,0.19061075451953338,0.4814583333333333,0.051111111111111114,0.4814583333333333,True,3.4158
5.0,combined,weak,208,0.02347222222222222,0.3609467455621302,0.08156115289785136,0.1270718232044199,0.18258557319214258,0.46125,0.055,0.46125,True,3.4158
5.0,combined,medium,201,0.022083333333333333,0.3584905660377358,0.022138788841861302,0.07407407407407407,0.20482582637338945,0.5133333333333333,0.04805555555555555,0.5133333333333333,True,3.4158
5.0,combined,medium,202,0.025694444444444443,0.44324324324324327,0.0322187061792605,0.11827956989247312,0.2100671778302738,0.5147916666666666,0.05194444444444444,0.5147916666666666,True,3.4158
5.0,combined,medium,203,0.022222222222222223,0.425,-0.019500251619469878,0.11764705882352941,0.20686798100640214,0.545,0.05402777777777778,0.545,True,3.4158
5.0,combined,medium,204,0.022916666666666665,0.36363636363636365,-0.02927772958481859,0.15591397849462366,0.19727572771067278,0.52,0.05069444444444444,0.52,True,3.4158
5.0,combined,medium,205,0.024027777777777776,0.4508670520231214,-0.00257513357294149,0.143646408839779,0.20804730119564213,0.5247916666666667,0.052222222222222225,0.5247916666666667,True,3.4158
5.0,combined,medium,206,0.02763888888888889,0.46733668341708545,-0.015056592768424852,0.06735751295336788,0.23335181854996415,0.5091666666666667,0.05583333333333334,0.5091666666666667,True,3.4158
5.0,combined,medium,207,0.022916666666666665,0.36363636363636365,0.013237274287255263,0.13609467455621302,0.2023406934774661,0.5085416666666667,0.049305555555555554,0.5085416666666667,True,3.4158
5.0,combined,medium,208,0.024027777777777776,0.3872832369942196,0.05255761759579836,0.12290502793296089,0.19524687572891122,0.47270833333333334,0.05000000000000001,0.47270833333333334,True,3.4158
5.0,combined,strong,201,0.023333333333333334,0.44642857142857145,-0.028736458184449993,0.13068181818181818,0.20923314198240078,0.534375,0.04569444444444445,0.534375,True,3.4158
5.0,combined,strong,202,0.02388888888888889,0.5465116279069767,-0.02457075586626447,0.14444444444444443,0.216271351629317,0.5683333333333334,0.04777777777777778,0.5683333333333334,True,3.4158
5.0,combined,strong,203,0.02236111111111111,0.32919254658385094,0.01803121410519508,0.1301775147928994,0.21376832475109292,0.5385416666666667,0.04541666666666667,0.5385416666666667,True,3.4158
5.0,combined,strong,204,0.022916666666666665,0.45454545454545453,-0.05373626378929735,0.12994350282485875,0.20709041489331578,0.5589583333333333,0.04694444444444445,0.5589583333333333,True,3.4158
5.0,combined,strong,205,0.02277777777777778,0.4878048780487805,-0.06405743181241037,0.15846994535519127,0.22671798604535487,0.578125,0.047361111111111104,0.578125,True,3.4158
5.0,combined,strong,206,0.026111111111111113,0.5372340425531915,-0.05846195066716985,0.08602150537634409,0.22934677157682554,0.5516666666666666,0.05194444444444445,0.5516666666666666,True,3.4158
5.0,combined,strong,207,0.020694444444444446,0.436241610738255,-0.031090581840931837,0.12258064516129032,0.20537315944645526,0.5820833333333333,0.04513888888888889,0.5820833333333333,True,3.4158
5.0,combined,strong,208,0.021805555555555557,0.45222929936305734,0.006208103542711677,0.18235294117647058,0.1924418156140926,0.5239583333333333,0.04374999999999999,0.5239583333333333,True,3.4158
10.0,baseline,weak,201,0.006388888888888889,0.021739130434782608,0.16683429758746418,0.024390243902439025,0.16447626553356576,0.5727083333333334,0.04972222222222222,0.5727083333333334,True,3.1838
10.0,baseline,weak,202,0.005138888888888889,0.13513513513513514,0.2636441445987438,0.02857142857142857,0.15594675961637589,0.5864583333333333,0.04777777777777778,0.5864583333333333,True,3.1838
10.0,baseline,weak,203,0.008472222222222223,0.18032786885245902,0.2445634462462221,0.05357142857142857,0.16644891548713883,0.5670833333333334,0.05611111111111111,0.5670833333333334,True,3.1838
10.0,baseline,weak,204,0.006388888888888889,0.17391304347826086,0.2017632672343588,0.0,0.15666657612731147,0.573125,0.053888888888888896,0.573125,True,3.1838
10.0,baseline,weak,205,0.0075,0.2037037037037037,0.21459834041698875,0.0,0.16029898789472333,0.5591666666666667,0.05236111111111111,0.5591666666666667,True,3.1838
10.0,baseline,weak,206,0.0075,0.16666666666666666,0.13008290159724295,0.021739130434782608,0.15724059130085963,0.52125,0.05847222222222223,0.52125,True,3.1838
10.0,baseline,weak,207,0.005694444444444445,0.04878048780487805,0.24747952128352338,0.02702702702702703,0.15928377825303663,0.5760416666666667,0.04763888888888889,0.5760416666666667,True,3.1838
10.0,baseline,weak,208,0.005138888888888889,0.24324324324324326,0.21015880628019348,0.02857142857142857,0.15856944711493,0.59875,0.04652777777777778,0.59875,True,3.1838
10.0,baseline,medium,201,0.004722222222222222,0.11764705882352941,0.14339287446030177,0.0,0.16947721041426775,0.6541666666666667,0.035555555555555556,0.6541666666666667,True,3.1838
10.0,baseline,medium,202,0.006111111111111111,0.13636363636363635,0.19212669650308725,0.04878048780487805,0.16387551911771261,0.6385416666666667,0.03944444444444445,0.6385416666666667,True,3.1838
10.0,baseline,medium,203,0.005277777777777778,0.15789473684210525,0.1680803949009262,0.0,0.1736938418897234,0.6379166666666667,0.042777777777777776,0.6379166666666667,True,3.1838
10.0,baseline,medium,204,0.005416666666666667,0.15384615384615385,0.12811215509979432,0.02631578947368421,0.16176490017532738,0.6547916666666667,0.03833333333333334,0.6547916666666667,True,3.1838
10.0,baseline,medium,205,0.005555555555555556,0.275,0.13158643929424874,0.0,0.17430646415518364,0.6333333333333333,0.0425,0.6333333333333333,True,3.1838
10.0,baseline,medium,206,0.006527777777777778,0.06382978723404255,0.19600260333512567,0.022727272727272728,0.15408796637649022,0.5966666666666667,0.043472222222222225,0.5966666666666667,True,3.1838
10.0,baseline,medium,207,0.0059722222222222225,0.18604651162790697,0.19199037779509529,0.0,0.16816479446332075,0.6522916666666667,0.03930555555555556,0.6522916666666667,True,3.1838
10.0,baseline,medium,208,0.006805555555555555,0.12244897959183673,0.23770706477585585,0.0,0.1663673679055268,0.6316666666666667,0.04069444444444444,0.6316666666666667,True,3.1838
10.0,baseline,strong,201,0.004861111111111111,0.08571428571428572,0.10461225947190111,0.0,0.170080083876389,0.69625,0.03222222222222223,0.69625,True,3.1838
10.0,baseline,strong,202,0.0044444444444444444,0.0625,0.20779549274406997,0.0,0.17145448807610242,0.6685416666666667,0.031527777777777787,0.6685416666666667,True,3.1838
10.0,baseline,strong,203,0.0044444444444444444,0.1875,0.022201529254222706,0.0,0.18049175661974806,0.7164583333333333,0.03125,0.7164583333333333,True,3.1838
10.0,baseline,strong,204,0.004861111111111111,0.08571428571428572,0.2675798380110113,0.02857142857142857,0.15460252073833958,0.6741666666666667,0.03194444444444444,0.6741666666666667,True,3.1838
10.0,baseline,strong,205,0.0044444444444444444,0.21875,0.12444870579627787,0.0,0.1716015829611463,0.6908333333333333,0.035555555555555556,0.6908333333333333,True,3.1838
10.0,baseline,strong,206,0.005138888888888889,0.08108108108108109,0.17145877539485976,0.0,0.16444819440326772,0.665,0.037361111111111116,0.665,True,3.1838
10.0,baseline,strong,207,0.0043055555555555555,0.2903225806451613,0.09382355416974311,0.0,0.17316663437432672,0.6922916666666666,0.029861111111111106,0.6922916666666666,True,3.1838
10.0,baseline,strong,208,0.0044444444444444444,0.21875,0.14458050566162015,0.03225806451612903,0.1698684426227355,0.7035416666666666,0.03138888888888889,0.7035416666666666,True,3.1838
10.0,combined,weak,201,0.02388888888888889,0.4476744186046512,0.09080065115577783,0.17258883248730963,0.19728162212614966,0.5604166666666667,0.057916666666666665,0.5604166666666667,True,3.1838
10.0,combined,weak,202,0.02625,0.49206349206349204,0.11213992465090115,0.11398963730569948,0.20271731533878787,0.5725,0.05958333333333334,0.5725,True,3.1838
10.0,combined,weak,203,0.023194444444444445,0.4311377245508982,0.09767757011232422,0.13978494623655913,0.1983897729500841,0.575,0.05805555555555556,0.575,True,3.1838
10.0,combined,weak,204,0.02666666666666667,0.390625,0.12879250478366128,0.1643192488262911,0.20198353549157314,0.5783333333333334,0.06333333333333334,0.5783333333333334,True,3.1838
10.0,combined,weak,205,0.025,0.4222222222222222,0.09971377374068216,0.14814814814814814,0.19400023504635153,0.580625,0.059166666666666666,0.580625,True,3.1838
10.0,combined,weak,206,0.030833333333333334,0.5135135135135135,0.086109029803059,0.06666666666666667,0.22950290528271036,0.550625,0.06819444444444445,0.550625,True,3.1838
10.0,combined,weak,207,0.02666666666666667,0.484375,0.11477034702407596,0.15789473684210525,0.202739455910267,0.5552083333333333,0.062222222222222234,0.5552083333333333,True,3.1838
10.0,combined,weak,208,0.024166666666666666,0.4540229885057471,0.1478044807735481,0.20202020202020202,0.18467257242356808,0.539375,0.061250000000000006,0.539375,True,3.1838
10.0,combined,medium,201,0.021944444444444444,0.4620253164556962,0.0766446380220853,0.1125,0.20351194403979384,0.60125,0.04777777777777778,0.60125,True,3.1838
10.0,combined,medium,202,0.02388888888888889,0.436046511627907,0.09148660276992301,0.08670520231213873,0.20458918303640217,0.6233333333333333,0.050972222222222224,0.6233333333333333,True,3.1838
10.0,combined,medium,203,0.024444444444444446,0.5170454545454546,0.09315649281037262,0.09248554913294797,0.20187820239457976,0.616875,0.05777777777777778,0.616875,True,3.1838
10.0,combined,medium,204,0.02125,0.3464052287581699,0.13514102337821673,0.13253012048192772,0.18330671807950225,0.6177083333333333,0.04958333333333334,0.6177083333333333,True,3.1838
10.0,combined,medium,205,0.0225,0.3765432098765432,0.0740961152985949,0.14772727272727273,0.19631181549929191,0.6397916666666666,0.04736111111111111,0.6397916666666666,True,3.1838
10.0,combined,medium,206,0.029166666666666667,0.4714285714285714,0.037424885801478625,0.09134615384615384,0.2385179469628442,0.6333333333333333,0.05902777777777778,0.6333333333333333,True,3.1838
10.0,combined,medium,207,0.0225,0.41358024691358025,0.11698046722869568,0.1130952380952381,0.19941708310744477,0.6266666666666667,0.04666666666666667,0.6266666666666667,True,3.1838
10.0,combined,medium,208,0.02388888888888889,0.38953488372093026,0.13951901624455823,0.12777777777777777,0.18208520972154804,0.563125,0.05430555555555555,0.563125,True,3.1838
10.0,combined,strong,201,0.02375,0.5146198830409356,0.03328427393074313,0.10344827586206896,0.22116612863514765,0.6841666666666667,0.04472222222222222,0.6841666666666667,True,3.1838
10.0,combined,strong,202,0.020972222222222222,0.44370860927152317,0.03869715557434514,0.09032258064516129,0.20892912365929184,0.6789583333333333,0.03902777777777778,0.6789583333333333,True,3.1838
10.0,combined,strong,203,0.023194444444444445,0.5209580838323353,0.046107103205722685,0.11931818181818182,0.21219116486127096,0.6535416666666667,0.04611111111111111,0.6535416666666667,True,3.1838
10.0,combined,strong,204,0.020833333333333332,0.49333333333333335,0.06617157601881558,0.07947019867549669,0.19242534531021507,0.67375,0.042916666666666665,0.67375,True,3.1838
10.0,combined,strong,205,0.021666666666666667,0.5897435897435898,0.02667501520471397,0.11392405063291139,0.21230621181072287,0.71125,0.041944444444444444,0.71125,True,3.1838
10.0,combined,strong,206,0.025138888888888888,0.5248618784530387,0.0051579090744688465,0.09289617486338798,0.2221001356636457,0.6741666666666667,0.04819444444444445,0.6741666666666667,True,3.1838
10.0,combined,strong,207,0.022222222222222223,0.50625,0.03850519916838392,0.10493827160493827,0.20792756188641087,0.6970833333333334,0.03847222222222222,0.6970833333333334,True,3.1838
10.0,combined,strong,208,0.020972222222222222,0.4304635761589404,0.05933128253524767,0.12258064516129032,0.19194167928799424,0.6489583333333333,0.044583333333333336,0.6489583333333333,True,3.1838
