seed,state,net_migration,employment_rate,unfilled_jobs
401,CA,0,0.7961783439490446,0
401,TX,0,0.803030303030303,0
401,NY,0,0.7976190476190477,0
401,FL,0,0.8037383177570093,0
401,MA,-3,0.75,1
401,NC,1,0.8055555555555556,0
401,IL,1,0.8,0
401,WA,1,0.7857142857142857,0
402,CA,-1,0.8013698630136986,0
402,TX,2,0.8,0
402,NY,-4,0.7954545454545454,0
402,FL,7,0.8034188034188035,0
402,MA,1,0.8,0
402,NC,-2,0.8,0
402,IL,-2,0.8125,0
402,WA,-1,0.8148148148148148,0
403,CA,-3,0.7954545454545454,0
403,TX,3,0.8014705882352942,0
403,NY,-3,0.7945205479452054,0
403,FL,5,0.8015267175572519,0
403,MA,-1,0.8235294117647058,0
403,NC,-1,0.7906976744186046,0
403,IL,-1,0.8076923076923077,0
403,WA,1,0.7857142857142857,1
404,CA,2,0.795774647887324,0
404,TX,1,0.8014705882352942,0
404,NY,-4,0.8055555555555556,0
404,FL,7,0.8028169014084507,0
404,MA,-2,0.8,0
404,NC,-1,0.8064516129032258,0
404,IL,-4,0.8076923076923077,0
404,WA,1,0.8064516129032258,0
405,CA,-2,0.7967479674796748,0
405,TX,7,0.8014184397163121,0
405,NY,-2,0.8059701492537313,0
405,FL,6,0.8029197080291971,0
405,MA,0,0.8,0
405,NC,-4,0.8085106382978723,0
405,IL,-5,0.7931034482758621,0
405,WA,0,0.8076923076923077,0
406,CA,2,0.8012422360248447,0
406,TX,-4,0.7983193277310925,0
406,NY,-3,0.7941176470588235,0
406,FL,10,0.8,0
406,MA,0,0.782608695652174,0
406,NC,-4,0.8043478260869565,0
406,IL,-2,0.8,0
406,WA,1,0.782608695652174,0
