phase,beta_current_state,n_seeds,mean,ci95_low,ci95_high,ci95_halfwidth,seed_sd,target_move_rate,absolute_error
coarse,3.4,16,0.05809062500000001,0.05710441112499206,0.059076838875007955,0.0009862138750079497,0.0018507853062956795,0.0387457656898644,0.019344859310135604
coarse,3.55,16,0.05075625,0.049944275713043225,0.05156822428695678,0.0008119742869567784,0.0015237973399810497,0.0387457656898644,0.0120104843101356
coarse,3.7,16,0.043803125000000005,0.04309296591125132,0.04451328408874869,0.0007101590887486853,0.0013327251216961448,0.0387457656898644,0.005057359310135602
coarse,3.85,16,0.038143750000000004,0.037470508019917054,0.038816991980082954,0.0006732419800829513,0.0012634443662728745,0.0387457656898644,0.0006020156898643991
coarse,4.0,16,0.03306250000000001,0.03236092034192533,0.03376407965807469,0.0007015796580746806,0.0013166244718977405,0.0387457656898644,0.005683265689864395
coarse,4.15,16,0.027990625000000005,0.02748780891146811,0.028493441088531902,0.0005028160885318979,0.0009436134007102695,0.0387457656898644,0.010755140689864398
coarse,4.3,16,0.024006250000000007,0.023429224986410965,0.024583275013589048,0.0005770250135890415,0.0010828781094841668,0.0387457656898644,0.014739515689864396
coarse,4.45,16,0.020937500000000005,0.020382495408533353,0.021492504591466656,0.000555004591466651,0.001041553327167329,0.0387457656898644,0.0178082656898644
coarse,4.6,16,0.017571875,0.017024990226352555,0.018118759773647446,0.0005468847736474472,0.001026315213112749,0.0387457656898644,0.021173890689864402
fine,3.7,16,0.043803125000000005,0.04309296591125132,0.04451328408874869,0.0007101590887486853,0.0013327251216961448,0.0387457656898644,0.005057359310135602
fine,3.725,16,0.04257812500000001,0.04164169263052287,0.043514557369477146,0.0009364323694771384,0.0017573624886934025,0.0387457656898644,0.003832359310135605
fine,3.75,16,0.04115937500000001,0.04025726669089528,0.042061483309104745,0.0009021083091047364,0.0016929479958541738,0.0387457656898644,0.0024136093101356088
fine,3.775,16,0.04097187500000001,0.04007964371381956,0.041864106286180466,0.0008922312861804534,0.0016744122102994826,0.0387457656898644,0.0022261093101356086
fine,3.8,16,0.040012500000000006,0.03917835333298477,0.04084664666701524,0.0008341466670152344,0.0015654072952429982,0.0387457656898644,0.0012667343101356032
fine,3.825,16,0.03874687500000001,0.03806569505204893,0.03942805494795108,0.0006811799479510776,0.0012783412103190576,0.0387457656898644,1.109310135603836e-06
fine,3.85,16,0.038143750000000004,0.037470508019917054,0.038816991980082954,0.0006732419800829513,0.0012634443662728745,0.0387457656898644,0.0006020156898643991
fine,3.875,16,0.03761562500000001,0.0368077499272627,0.038423500072737315,0.0008078750727373096,0.0015161045203635098,0.0387457656898644,0.0011301406898643965
fine,3.9,16,0.036106250000000006,0.03522057163873919,0.03699192836126082,0.0008856783612608162,0.0016621146169864443,0.0387457656898644,0.0026395156898643968
fine,3.925,16,0.03549062500000001,0.034926007177731,0.036055242822269025,0.0005646178222690137,0.0010595940653539606,0.0387457656898644,0.0032551406898643914
fine,3.95,16,0.03473437500000001,0.03410128314821156,0.035367466851788466,0.0006330918517884529,0.0011880963414919973,0.0387457656898644,0.004011390689864391
fine,3.975,16,0.03381250000000001,0.03335354697427875,0.034271453025721266,0.0004589530257212549,0.0008612974708736425,0.0387457656898644,0.004933265689864394
fine,4.0,16,0.03306250000000001,0.03236092034192533,0.03376407965807469,0.0007015796580746806,0.0013166244718977405,0.0387457656898644,0.005683265689864395
refined,3.8,16,0.040012500000000006,0.03917835333298477,0.04084664666701524,0.0008341466670152344,0.0015654072952429982,0.0387457656898644,0.0012667343101356032
refined,3.805,16,0.03943750000000001,0.03875917225167734,0.040115827748322674,0.0006783277483226668,0.0012729886095326998,0.0387457656898644,0.0006917343101356041
refined,3.81,16,0.039456250000000005,0.038821280498774036,0.040091219501225975,0.0006349695012259672,0.001191620045708081,0.0387457656898644,0.000710484310135602
refined,3.815,16,0.03962812500000001,0.038816553324921364,0.04043969667507865,0.0008115716750786452,0.0015230417755268556,0.0387457656898644,0.0008823593101356039
refined,3.82,16,0.038878125000000006,0.03807635042996646,0.03967989957003355,0.0008017745700335432,0.0015046559684304345,0.0387457656898644,0.00013235931013560326
refined,3.825,16,0.03874687500000001,0.03806569505204893,0.03942805494795108,0.0006811799479510776,0.0012783412103190576,0.0387457656898644,1.109310135603836e-06
refined,3.83,16,0.038500000000000006,0.03791264157260042,0.03908735842739959,0.0005873584273995861,0.001102270384252431,0.0387457656898644,0.00024576568986439673
refined,3.835,16,0.03830937500000001,0.037581592213967764,0.03903715778603225,0.0007277827860322443,0.0013657987589685379,0.0387457656898644,0.00043639068986439655
refined,3.84,16,0.03818750000000001,0.03762858687720503,0.038746413122795,0.0005589131227949856,0.0010488883003764817,0.0387457656898644,0.0005582656898643901
refined,3.845,16,0.038340625,0.03784329767588457,0.03883795232411544,0.0004973273241154375,0.0009333128717995184,0.0387457656898644,0.0004051406898644
refined,3.85,16,0.038143750000000004,0.037470508019917054,0.038816991980082954,0.0006732419800829513,0.0012634443662728745,0.0387457656898644,0.0006020156898643991
