policy,interaction,seed,intensity,target_state,target_inflow_rate,target_social_cost,chain_share,housing_rejection,job_rejection,coorigin_clustering,mover_origin_attachment,peer_colocation,social_utility_index,move_rate,parameter_profile,beta_current_state_used
baseline,medium,201,1.0,NY,0.005138888888888889,-0.04097655265359181,0.10810810810810811,0.0,0.19948326236265615,0.17560740406650652,0.12225568170521127,0.18645833333333334,0.34717573270507085,0.03694444444444444,calibrated,3.82
baseline,medium,202,1.0,NY,0.003611111111111111,-0.04080355890493535,0.038461538461538464,0.0,0.200488978778284,0.17440451176440572,0.10077076649504703,0.19041666666666668,0.3494709029901465,0.03833333333333334,calibrated,3.82
baseline,medium,203,1.0,NY,0.003472222222222222,0.027803040228142183,0.04,0.0,0.19981450552859895,0.18364787228987528,0.14334319113085278,0.19708333333333333,0.35205493322566944,0.036388888888888894,calibrated,3.82
baseline,medium,204,1.0,NY,0.00625,-0.04613567062820237,0.2,0.0,0.19930053502433068,0.17698873444587812,0.12760658522534962,0.186875,0.3501760822698858,0.041944444444444444,calibrated,3.82
baseline,medium,205,1.0,NY,0.005833333333333334,-0.049707083313273295,0.023809523809523808,0.02631578947368421,0.19951535449536784,0.18392983905225913,0.10181070045128525,0.1925,0.35038162920617744,0.04125,calibrated,3.82
baseline,medium,206,1.0,NY,0.005694444444444445,-0.0018811218474783411,0.04878048780487805,0.0,0.20004465294123827,0.17447312033364545,0.11936771389667813,0.171875,0.3418171337509801,0.04249999999999999,calibrated,3.82
baseline,medium,207,1.0,NY,0.0033333333333333335,-0.02006834845636671,0.0,0.0,0.19827067528645034,0.17572601196350982,0.10409930768350904,0.18395833333333333,0.34716591912732975,0.034444444444444444,calibrated,3.82
baseline,medium,208,1.0,NY,0.003472222222222222,0.01960303022699549,0.0,0.0,0.20034098768796105,0.17521464938188328,0.12925001084554377,0.18625,0.34608000577068554,0.03944444444444445,calibrated,3.82
baseline,strong,201,1.0,NY,0.003472222222222222,0.012811061757527163,0.04,0.0,0.20236603513309645,0.18796739417784272,0.16114082358718476,0.20166666666666666,0.3539031572028987,0.042361111111111106,calibrated,3.82
baseline,strong,202,1.0,NY,0.004583333333333333,0.005214886904711104,0.06060606060606061,0.0,0.2005248224153864,0.18109276298700275,0.12590007399550082,0.19333333333333333,0.3508847820461818,0.04402777777777778,calibrated,3.82
baseline,strong,203,1.0,NY,0.004861111111111111,-0.06216163379306068,0.11428571428571428,0.0,0.19985014169801876,0.1999215298042129,0.0854882527043333,0.21083333333333334,0.3625031188799996,0.043750000000000004,calibrated,3.82
baseline,strong,204,1.0,NY,0.006388888888888889,-0.03475653243194381,0.10869565217391304,0.045454545454545456,0.20076359060938123,0.1827101249300987,0.11435941891912238,0.19354166666666667,0.35240476146057165,0.042777777777777776,calibrated,3.82
baseline,strong,205,1.0,NY,0.005,-0.04349921771007034,0.1388888888888889,0.0,0.20189111763692233,0.17795304541599957,0.115511919823091,0.188125,0.34861110661576,0.042916666666666665,calibrated,3.82
baseline,strong,206,1.0,NY,0.006944444444444444,-0.0208673113650715,0.1,0.0,0.19882285243288453,0.18283790710495035,0.11086362893915684,0.205,0.3541578708831769,0.04888888888888888,calibrated,3.82
baseline,strong,207,1.0,NY,0.0038888888888888888,0.011309573152060203,0.0,0.0,0.1990955476741002,0.1820368486523657,0.14920150638887156,0.19958333333333333,0.35347022670237915,0.041111111111111105,calibrated,3.82
baseline,strong,208,1.0,NY,0.005416666666666667,0.012450194369819527,0.20512820512820512,0.0,0.2013169135424079,0.1826815191849433,0.14258548315831546,0.19875,0.35214960077562873,0.04347222222222222,calibrated,3.82
baseline,weak,201,1.0,NY,0.006805555555555555,0.014979787629303918,0.14285714285714285,0.0,0.2003749894011925,0.16277262787738148,0.16397177702356536,0.16666666666666666,0.33760501433046436,0.036527777777777784,calibrated,3.82
baseline,weak,202,1.0,NY,0.004166666666666667,0.03434907732666288,0.13333333333333333,0.0,0.1995755999560029,0.16530372699434498,0.14835551856836157,0.16833333333333333,0.3429639301391801,0.03263888888888889,calibrated,3.82
baseline,weak,203,1.0,NY,0.0038888888888888888,0.020682223941044988,0.14285714285714285,0.037037037037037035,0.20059212441005073,0.18223012911194506,0.14216755340620787,0.18208333333333335,0.3496479252754197,0.03208333333333333,calibrated,3.82
baseline,weak,204,1.0,NY,0.004166666666666667,0.044853166390180665,0.06666666666666667,0.0,0.1983881703700712,0.16018457550421777,0.1550458343819279,0.15583333333333332,0.33495328582903555,0.034166666666666665,calibrated,3.82
baseline,weak,205,1.0,NY,0.005694444444444445,-0.02916705498661421,0.04878048780487805,0.0,0.2004948366085454,0.17286488726320176,0.11569842016686803,0.183125,0.34643931521332955,0.0375,calibrated,3.82
baseline,weak,206,1.0,NY,0.004166666666666667,0.00889494572540842,0.06666666666666667,0.0,0.20159917032752492,0.16438404848930763,0.1375670263982604,0.16458333333333333,0.33611230977511025,0.03875,calibrated,3.82
baseline,weak,207,1.0,NY,0.0031944444444444446,0.04911683487935627,0.0,0.0,0.20022437889697597,0.16652726414878502,0.1793933596390904,0.18229166666666666,0.34394104744948495,0.035277777777777776,calibrated,3.82
baseline,weak,208,1.0,NY,0.004166666666666667,-0.0049946222645996284,0.06666666666666667,0.0,0.19870844697618253,0.1677652751554485,0.12218798008484551,0.16770833333333332,0.3401587878082676,0.03513888888888889,calibrated,3.82
combined,medium,201,1.0,NY,0.019583333333333335,-0.14458060450910304,0.3829787234042553,0.07482993197278912,0.13472010186010458,0.2003161607909272,0.10642351653522238,0.21958333333333332,0.36604024686318565,0.04513888888888889,calibrated,3.82
combined,medium,202,1.0,NY,0.021388888888888888,-0.09604308237179718,0.44155844155844154,0.03496503496503497,0.12307161150812544,0.19157573376168627,0.12795890430774598,0.20916666666666667,0.3663174023942215,0.04722222222222222,calibrated,3.82
combined,medium,203,1.0,NY,0.023194444444444445,-0.1394190115729496,0.47305389221556887,0.09302325581395349,0.12150781592281552,0.21232886336925674,0.10755925993776788,0.22708333333333333,0.3769051785784032,0.04611111111111111,calibrated,3.82
combined,medium,204,1.0,NY,0.024305555555555556,-0.13584023780654583,0.4,0.12234042553191489,0.11990478369488339,0.20100973578468403,0.11433879085099183,0.21791666666666668,0.3737882774435108,0.04791666666666667,calibrated,3.82
combined,medium,205,1.0,NY,0.019583333333333335,-0.11650385390996952,0.28368794326241137,0.10204081632653061,0.11517723257764817,0.19663577386867268,0.10743893955914893,0.20270833333333332,0.3645239681709582,0.04527777777777778,calibrated,3.82
combined,medium,206,1.0,NY,0.023194444444444445,-0.14578075416057226,0.46706586826347307,0.03773584905660377,0.12276622818988214,0.20849249703393796,0.11310578207845279,0.220625,0.3768386228464066,0.049999999999999996,calibrated,3.82
combined,medium,207,1.0,NY,0.02013888888888889,-0.104979801808595,0.36551724137931035,0.09333333333333334,0.11728848139193604,0.1968318970728548,0.12236744961057396,0.21104166666666666,0.3706688483091512,0.04486111111111111,calibrated,3.82
combined,medium,208,1.0,NY,0.020694444444444446,-0.09574227760366258,0.3691275167785235,0.18292682926829268,0.13295967629371228,0.18590035284556433,0.11864928101041079,0.20979166666666665,0.3609836641204042,0.045138888888888895,calibrated,3.82
combined,strong,201,1.0,NY,0.02486111111111111,-0.14259660774655208,0.44692737430167595,0.11538461538461539,0.12899291077472805,0.22504663484303805,0.10723113928531958,0.2520833333333333,0.3831497227896621,0.04944444444444444,calibrated,3.82
combined,strong,202,1.0,NY,0.02375,-0.1256017822073161,0.5497076023391813,0.13636363636363635,0.11982880897187463,0.21061393833778191,0.12057865344053433,0.22395833333333334,0.37791673718157076,0.05652777777777778,calibrated,3.82
combined,strong,203,1.0,NY,0.026111111111111113,-0.16938970485160412,0.425531914893617,0.13432835820895522,0.12143595708729456,0.2285069718597191,0.10410862373082316,0.240625,0.38177812999011373,0.053888888888888896,calibrated,3.82
combined,strong,204,1.0,NY,0.02388888888888889,-0.13860184104890652,0.42441860465116277,0.10989010989010989,0.1181219816907952,0.21635692082814592,0.10890764485962874,0.23958333333333334,0.3818635822279266,0.05375,calibrated,3.82
combined,strong,205,1.0,NY,0.02486111111111111,-0.12270800251730936,0.46368715083798884,0.09550561797752809,0.11651370396524441,0.2150608456873121,0.11382401139610143,0.231875,0.3802879483834645,0.053888888888888896,calibrated,3.82
combined,strong,206,1.0,NY,0.03013888888888889,-0.16571048195968094,0.4930875576036866,0.14537444933920704,0.11871490436404052,0.25408366594912823,0.12141719760913619,0.29291666666666666,0.41012813114968716,0.058888888888888886,calibrated,3.82
combined,strong,207,1.0,NY,0.020416666666666666,-0.08181274716151216,0.40816326530612246,0.1592356687898089,0.1148547573317944,0.20830577373135523,0.1261172452737374,0.21916666666666668,0.37364024054287015,0.05125,calibrated,3.82
combined,strong,208,1.0,NY,0.02277777777777778,-0.10233734348969206,0.4878048780487805,0.16111111111111112,0.13073500970206517,0.1935355632500562,0.12131749272452881,0.21583333333333332,0.36643095518720076,0.049861111111111106,calibrated,3.82
combined,weak,201,1.0,NY,0.018333333333333333,-0.06382124256448952,0.2878787878787879,0.0625,0.12831040852539155,0.18948752179137965,0.14294998062286993,0.21104166666666666,0.3607940376670937,0.04597222222222223,calibrated,3.82
combined,weak,202,1.0,NY,0.020555555555555556,-0.09833780317555557,0.34459459459459457,0.0958904109589041,0.11874597576240646,0.19543347932203262,0.12095193040181594,0.21666666666666667,0.37329131524629183,0.04416666666666667,calibrated,3.82
combined,weak,203,1.0,NY,0.023194444444444445,-0.1153542133496454,0.4431137724550898,0.06962025316455696,0.1228130147121168,0.20269683502548644,0.12737904539898187,0.203125,0.37102340029366054,0.047499999999999994,calibrated,3.82
combined,weak,204,1.0,NY,0.020694444444444446,-0.0902024915885828,0.348993288590604,0.07432432432432433,0.12512463860794215,0.17742478851630125,0.12561096576406902,0.19333333333333333,0.3604757425270923,0.04402777777777778,calibrated,3.82
combined,weak,205,1.0,NY,0.019166666666666665,-0.08852622290250019,0.37681159420289856,0.07462686567164178,0.11370788207969122,0.19772884756732453,0.11863730583569498,0.205,0.3673383913097266,0.04194444444444445,calibrated,3.82
combined,weak,206,1.0,NY,0.022083333333333333,-0.13692915671590644,0.3584905660377358,0.05333333333333334,0.12531663949539754,0.19819756408205189,0.10874330275645279,0.21270833333333333,0.3715042719684767,0.04611111111111111,calibrated,3.82
combined,weak,207,1.0,NY,0.017638888888888888,-0.06553922432258281,0.3937007874015748,0.034482758620689655,0.11678219184858264,0.17974204750870354,0.12786586524726729,0.19125,0.35895882891364256,0.041944444444444444,calibrated,3.82
combined,weak,208,1.0,NY,0.01902777777777778,-0.09122308617902315,0.38686131386861317,0.152317880794702,0.1321553445257815,0.17817112287525663,0.11389481727873009,0.179375,0.35170623599447837,0.041249999999999995,calibrated,3.82
employment,medium,201,1.0,NY,0.009305555555555555,-0.07651791172081487,0.13432835820895522,0.1111111111111111,0.12762984615843398,0.17965501301342138,0.11656679255223756,0.188125,0.3468539522669172,0.03861111111111111,calibrated,3.82
employment,medium,202,1.0,NY,0.010694444444444444,-0.08231647073884725,0.3116883116883117,0.05333333333333334,0.12489372268076067,0.18245624187512785,0.09734318155647838,0.19125,0.3539605974170396,0.03888888888888889,calibrated,3.82
employment,medium,203,1.0,NY,0.010416666666666666,-0.06629016881858635,0.17333333333333334,0.125,0.12015867240670895,0.1813362737829332,0.11221772248675539,0.18458333333333332,0.3521238544014327,0.042083333333333334,calibrated,3.82
employment,medium,204,1.0,NY,0.009444444444444445,-0.02761731469146703,0.17647058823529413,0.09859154929577464,0.12570639222362626,0.16796469049496685,0.12231151782979699,0.17583333333333334,0.34719592676236305,0.03722222222222222,calibrated,3.82
employment,medium,205,1.0,NY,0.010416666666666666,-0.07268516279661386,0.17333333333333334,0.10126582278481013,0.11770007525247968,0.18653345502802238,0.11671610396914706,0.1975,0.35598567594296315,0.035277777777777776,calibrated,3.82
employment,medium,206,1.0,NY,0.013472222222222222,-0.0568378762896977,0.2268041237113402,0.041237113402061855,0.11825804381183125,0.19232633502750587,0.12159272230726768,0.19770833333333335,0.35700989706377995,0.04652777777777777,calibrated,3.82
employment,medium,207,1.0,NY,0.009583333333333333,-0.005180881131012292,0.10144927536231885,0.08450704225352113,0.11704372777279981,0.17761329340063398,0.1369120889772984,0.1875,0.35301527752748313,0.03569444444444445,calibrated,3.82
employment,medium,208,1.0,NY,0.008888888888888889,-0.05310844585180234,0.203125,0.09375,0.1404315895301899,0.17268838966569375,0.11741797445486137,0.17645833333333333,0.3475360758464591,0.04027777777777778,calibrated,3.82
employment,strong,201,1.0,NY,0.01125,-0.0647585125011477,0.2345679012345679,0.09195402298850575,0.12990888790902144,0.18709724951517812,0.11924492713366949,0.20458333333333334,0.35419902569082296,0.04097222222222222,calibrated,3.82
employment,strong,202,1.0,NY,0.010277777777777778,-0.0648935213162789,0.24324324324324326,0.11392405063291139,0.11813055165439679,0.18935061806080555,0.11106898988264544,0.204375,0.3611745270854661,0.04624999999999999,calibrated,3.82
employment,strong,203,1.0,NY,0.012222222222222223,-0.08404752617186208,0.26136363636363635,0.15384615384615385,0.11867755809118345,0.19190333062792952,0.10806870999222823,0.20833333333333334,0.3595898376558647,0.04569444444444445,calibrated,3.82
employment,strong,204,1.0,NY,0.012777777777777779,-0.05946175654659054,0.2717391304347826,0.14432989690721648,0.119841318350836,0.1753792740364162,0.1194932467272315,0.18645833333333334,0.35142133782977025,0.046388888888888896,calibrated,3.82
employment,strong,205,1.0,NY,0.01361111111111111,-0.08318143011522573,0.2857142857142857,0.21428571428571427,0.11374348037355085,0.191373051997085,0.1210072266242348,0.20916666666666667,0.3582968414143232,0.04597222222222223,calibrated,3.82
employment,strong,206,1.0,NY,0.013333333333333334,-0.08712862109616075,0.2604166666666667,0.06521739130434782,0.12379949295112759,0.17972454016472425,0.11204364322929955,0.19520833333333334,0.35281381379858373,0.04986111111111111,calibrated,3.82
employment,strong,207,1.0,NY,0.009722222222222222,-0.02446466342743362,0.2571428571428571,0.14666666666666667,0.11586137981045208,0.18934086193432423,0.1389953023304359,0.214375,0.3621382832468967,0.04,calibrated,3.82
employment,strong,208,1.0,NY,0.013194444444444444,-0.057039438256507154,0.28421052631578947,0.16346153846153846,0.13664636775758116,0.17872213595678332,0.11176733970496283,0.18770833333333334,0.34910975503097497,0.04583333333333334,calibrated,3.82
employment,weak,201,1.0,NY,0.009444444444444445,-0.029523786071079992,0.16176470588235295,0.09859154929577464,0.13175092747286918,0.167764654019522,0.13212036139845995,0.17583333333333334,0.3406208327266827,0.03388888888888889,calibrated,3.82
employment,weak,202,1.0,NY,0.012638888888888889,-0.07896481853930691,0.27472527472527475,0.09302325581395349,0.12743156926895238,0.16786296940751125,0.10888910671068402,0.17354166666666668,0.34635789437866826,0.04,calibrated,3.82
employment,weak,203,1.0,NY,0.011111111111111112,-0.04268274667789846,0.25,0.075,0.11184274446753217,0.17582363932386874,0.13547679220581726,0.18708333333333332,0.3550880112531535,0.04069444444444445,calibrated,3.82
employment,weak,204,1.0,NY,0.010277777777777778,-0.05775249512275534,0.22972972972972974,0.14285714285714285,0.12874874906825604,0.1634083862969854,0.105800159753318,0.16583333333333333,0.34413158577497727,0.03861111111111111,calibrated,3.82
employment,weak,205,1.0,NY,0.010694444444444444,-0.05562376335890334,0.16883116883116883,0.12,0.11768798124984702,0.17817199748000262,0.12125198000984723,0.184375,0.34946441889369934,0.03777777777777778,calibrated,3.82
employment,weak,206,1.0,NY,0.01,-0.05223308636223788,0.19444444444444445,0.07894736842105263,0.12299320490010052,0.17171984888981737,0.12030865693536594,0.17666666666666667,0.3474758225464955,0.0373611111111111,calibrated,3.82
employment,weak,207,1.0,NY,0.010277777777777778,-0.022507531373967878,0.17567567567567569,0.09210526315789473,0.11744227977731408,0.17243585916226015,0.1229814536279464,0.18104166666666666,0.34819144733202934,0.034027777777777775,calibrated,3.82
employment,weak,208,1.0,NY,0.008194444444444445,-0.020045507814322558,0.1864406779661017,0.13114754098360656,0.13409628130074516,0.16950768988202933,0.14232927154986139,0.173125,0.3449862694337359,0.03777777777777778,calibrated,3.82
housing,medium,201,1.0,NY,0.008194444444444445,-0.061553148543834244,0.1694915254237288,0.0,0.2012378947742061,0.18009905607746068,0.12976363073531472,0.18083333333333335,0.3485998062274952,0.03569444444444444,calibrated,3.82
housing,medium,202,1.0,NY,0.009305555555555555,-0.07196495112208796,0.1791044776119403,0.06060606060606061,0.19987535685877533,0.17767114593937533,0.10031072213225459,0.183125,0.3535065041821836,0.042777777777777776,calibrated,3.82
housing,medium,203,1.0,NY,0.008333333333333333,-0.050477976699807935,0.2,0.0,0.20157297844634733,0.18323529028430935,0.11781908530163188,0.18895833333333334,0.3536394588272321,0.03833333333333332,calibrated,3.82
housing,medium,204,1.0,NY,0.010277777777777778,-0.04490062617915171,0.21621621621621623,0.0,0.20031885212087677,0.17355631155943005,0.10487563747432692,0.169375,0.3490610172481697,0.03972222222222222,calibrated,3.82
housing,medium,205,1.0,NY,0.011666666666666667,-0.0596248831258141,0.11904761904761904,0.06172839506172839,0.1998143033472295,0.19268777718339153,0.10449008922884508,0.20333333333333334,0.35649768357560335,0.042222222222222223,calibrated,3.82
housing,medium,206,1.0,NY,0.010277777777777778,-0.08067249884976549,0.21621621621621623,0.0,0.19969715438874056,0.169800998003108,0.10576843988152834,0.17583333333333334,0.3465249619079831,0.04402777777777778,calibrated,3.82
housing,medium,207,1.0,NY,0.009444444444444445,-0.02926990832539799,0.25,0.016129032258064516,0.19964358014291986,0.17080717479088495,0.12327464307645879,0.185,0.3497975916868225,0.034722222222222224,calibrated,3.82
housing,medium,208,1.0,NY,0.009583333333333333,-0.0596582668439384,0.2463768115942029,0.0,0.20182897065149766,0.1666235538664078,0.1114736982446725,0.175,0.34493885451253914,0.03805555555555556,calibrated,3.82
housing,strong,201,1.0,NY,0.011527777777777777,-0.05773836323244461,0.26506024096385544,0.0,0.19963265523484827,0.17832930025820276,0.12586211885470217,0.19729166666666667,0.35084586063582324,0.042222222222222223,calibrated,3.82
housing,strong,202,1.0,NY,0.010138888888888888,-0.06295735597760002,0.2191780821917808,0.0,0.20033368329702742,0.17927381529250558,0.11602930541444549,0.19583333333333333,0.3566579293697373,0.04069444444444444,calibrated,3.82
housing,strong,203,1.0,NY,0.009722222222222222,-0.06955023523110977,0.12857142857142856,0.0,0.20106036828206128,0.18662193316980522,0.09932751558870953,0.189375,0.3544198966286343,0.04430555555555556,calibrated,3.82
housing,strong,204,1.0,NY,0.012083333333333333,-0.07939836461566983,0.367816091954023,0.0,0.20035829494844126,0.17065659295507288,0.10889863760878281,0.18354166666666666,0.34994809419145645,0.04541666666666666,calibrated,3.82
housing,strong,205,1.0,NY,0.0125,-0.07507459638615485,0.32222222222222224,0.025,0.20037600856120197,0.18978031159173972,0.11697202902628687,0.21416666666666667,0.3617698009283465,0.04555555555555555,calibrated,3.82
housing,strong,206,1.0,NY,0.012361111111111111,-0.10154358364481615,0.33707865168539325,0.0125,0.19952515621930045,0.18103456123742376,0.10155242305007567,0.19708333333333333,0.35666753482595637,0.05097222222222222,calibrated,3.82
housing,strong,207,1.0,NY,0.008194444444444445,-0.08272055448532492,0.1694915254237288,0.018518518518518517,0.19998342830022786,0.1838479221820365,0.0925839240392261,0.201875,0.3573557336076189,0.03944444444444444,calibrated,3.82
housing,strong,208,1.0,NY,0.010416666666666666,-0.07879486994656351,0.26666666666666666,0.0410958904109589,0.20045681646039348,0.1742767537997945,0.10502497665530719,0.18729166666666666,0.35104158563242216,0.04263888888888889,calibrated,3.82
housing,weak,201,1.0,NY,0.008333333333333333,-0.038163329747004184,0.18333333333333332,0.0,0.19921149435722618,0.1659214277770947,0.1369310022243198,0.16791666666666666,0.3412139042988296,0.034861111111111114,calibrated,3.82
housing,weak,202,1.0,NY,0.0075,-0.008125473682340116,0.16666666666666666,0.0,0.20074152738702486,0.1687807508638644,0.1290382372549665,0.17666666666666667,0.34832319387473265,0.03652777777777777,calibrated,3.82
housing,weak,203,1.0,NY,0.008194444444444445,-0.022417878613584206,0.1016949152542373,0.0,0.20050003104176417,0.17643065061196178,0.1303952901496898,0.18041666666666667,0.35205407351917783,0.03833333333333333,calibrated,3.82
housing,weak,204,1.0,NY,0.00875,-0.03323326781100539,0.23809523809523808,0.0,0.19955780820863098,0.16710497937749164,0.12642133197781152,0.165625,0.3446371714578484,0.03666666666666667,calibrated,3.82
housing,weak,205,1.0,NY,0.008611111111111111,-0.06273612790793176,0.12903225806451613,0.0,0.19951766760783163,0.1795729894806467,0.10665980135800736,0.18041666666666667,0.3485234500561674,0.03569444444444445,calibrated,3.82
housing,weak,206,1.0,NY,0.008888888888888889,-0.02147133035552055,0.234375,0.0,0.19870892531226728,0.16261209580834152,0.13177329838802843,0.16166666666666665,0.338371033739124,0.04083333333333333,calibrated,3.82
housing,weak,207,1.0,NY,0.008472222222222223,0.015841555892698,0.21311475409836064,0.0,0.2022649349038046,0.16281054670251688,0.1639267845167743,0.160625,0.34119844755450707,0.033888888888888885,calibrated,3.82
housing,weak,208,1.0,NY,0.008472222222222223,-0.037342298537586575,0.13114754098360656,0.0,0.19874266696493906,0.1614807983114476,0.1095345095925234,0.17333333333333334,0.341720661171119,0.03305555555555555,calibrated,3.82
