home_local,network_home_bias,seed,coorigin_clustering,peer_colocation,move_rate,parameter_profile,beta_current_state_used
False,False,501,0.16944774984860866,0.18291666666666667,0.039,calibrated,3.82
False,False,502,0.1777703957560018,0.18083333333333335,0.04,calibrated,3.82
False,False,503,0.1829498104779436,0.18395833333333333,0.03877777777777777,calibrated,3.82
False,False,504,0.17093087879858834,0.19,0.04122222222222222,calibrated,3.82
False,True,501,0.1816013770993269,0.19958333333333333,0.04100000000000001,calibrated,3.82
False,True,502,0.18736626877658125,0.19729166666666667,0.03788888888888889,calibrated,3.82
False,True,503,0.16934112441382113,0.174375,0.04100000000000001,calibrated,3.82
False,True,504,0.17855804602727246,0.18375,0.04077777777777778,calibrated,3.82
True,False,501,0.6133391000962477,0.175625,0.03333333333333333,calibrated,3.82
True,False,502,0.6193443441055192,0.19395833333333334,0.03222222222222222,calibrated,3.82
True,False,503,0.5312276647705791,0.16270833333333334,0.03322222222222222,calibrated,3.82
True,False,504,0.577969103049582,0.17895833333333333,0.03188888888888889,calibrated,3.82
True,True,501,0.6833438297302805,0.4060416666666667,0.031555555555555566,calibrated,3.82
True,True,502,0.6440862625595738,0.384375,0.029888888888888895,calibrated,3.82
True,True,503,0.582714856139931,0.3414583333333333,0.03177777777777778,calibrated,3.82
True,True,504,0.6569047287608243,0.398125,0.03133333333333333,calibrated,3.82
