policy,metric,strong_minus_weak_policy_effect,ci95_half_width
housing,d_target_inflow_rate,0.0019270833333332996,0.0020551454678899594
housing,d_target_social_cost,-0.017739554375079708,0.032432553684898
housing,d_target_chain_share,0.07235609861910688,0.05994316838748858
housing,d_coorigin_clustering,-0.004507705769946052,0.0071115685682988095
employment,d_target_inflow_rate,0.0011805555555555497,0.0022795892597303855
employment,d_target_social_cost,0.011571450455754624,0.03755845658320778
employment,d_target_chain_share,0.044626269453849496,0.053152787924115305
employment,d_coorigin_clustering,-0.0023715724851918266,0.0058717749750890206
combined,d_target_inflow_rate,0.003975694444444438,0.002498042119899587
combined,d_target_social_cost,-0.005076466553439522,0.030216296963693486
combined,d_target_chain_share,0.08238840359025394,0.10219829648898002
combined,d_coorigin_clustering,0.012182438760652045,0.009878202511606022
