network_homophily_share,scenario,seed,clustering,peer_colocation,target_inflow,chain_share,move_rate,parameter_profile,beta_current_state_used
0.0,baseline,501,0.17123181571271412,0.18354166666666666,0.005416666666666667,0.20512820512820512,0.03875,calibrated,3.82
0.0,baseline,502,0.18178025430019015,0.19104166666666667,0.003472222222222222,0.08,0.03958333333333333,calibrated,3.82
0.0,baseline,503,0.17764726716365506,0.18208333333333335,0.004583333333333333,0.12121212121212122,0.0386111111111111,calibrated,3.82
0.0,baseline,504,0.17163897027396757,0.18791666666666668,0.005416666666666667,0.1282051282051282,0.04083333333333333,calibrated,3.82
0.0,combined,501,0.19730928383909696,0.20833333333333334,0.021666666666666667,0.33974358974358976,0.051111111111111114,calibrated,3.82
0.0,combined,502,0.20743067647166843,0.20770833333333333,0.02388888888888889,0.5116279069767442,0.050277777777777775,calibrated,3.82
0.0,combined,503,0.1880357734183178,0.20270833333333332,0.017083333333333332,0.2845528455284553,0.04416666666666667,calibrated,3.82
0.0,combined,504,0.1950053898611383,0.20854166666666665,0.01986111111111111,0.3076923076923077,0.04402777777777778,calibrated,3.82
0.5,baseline,501,0.1766999387882691,0.19229166666666667,0.004722222222222222,0.2647058823529412,0.04138888888888889,calibrated,3.82
0.5,baseline,502,0.17966234068427248,0.189375,0.005138888888888889,0.10810810810810811,0.04222222222222222,calibrated,3.82
0.5,baseline,503,0.1762885195906279,0.17729166666666665,0.005277777777777778,0.10526315789473684,0.03916666666666666,calibrated,3.82
0.5,baseline,504,0.17430660366132547,0.18604166666666666,0.005138888888888889,0.08108108108108109,0.03805555555555556,calibrated,3.82
0.5,combined,501,0.197990048313484,0.21354166666666666,0.023194444444444445,0.46706586826347307,0.052916666666666674,calibrated,3.82
0.5,combined,502,0.20137740496720224,0.21666666666666667,0.022916666666666665,0.36363636363636365,0.04888888888888888,calibrated,3.82
0.5,combined,503,0.19514530070960912,0.209375,0.020833333333333332,0.3333333333333333,0.04722222222222222,calibrated,3.82
0.5,combined,504,0.19682515994459218,0.21020833333333333,0.021111111111111112,0.4144736842105263,0.04611111111111111,calibrated,3.82
