network_decay,policy,interaction,seed,target_inflow_rate,chain_share,target_social_cost,housing_rejection,coorigin_clustering,peer_colocation,move_rate,same_state_contact_share,recalibrated,beta_current_state,calibration_validated,parameter_profile,beta_current_state_used
0.0,baseline,weak,201,0.006805555555555555,0.14285714285714285,0.014979787629303918,0.0,0.16277262787738148,0.16666666666666666,0.036527777777777784,0.16666666666666666,False,3.82,True,calibrated,3.82
0.0,baseline,weak,202,0.004166666666666667,0.13333333333333333,0.03434907732666288,0.0,0.16530372699434498,0.16833333333333333,0.03263888888888889,0.16833333333333333,False,3.82,True,calibrated,3.82
0.0,baseline,weak,203,0.0038888888888888888,0.14285714285714285,0.020682223941044988,0.037037037037037035,0.18223012911194506,0.18208333333333335,0.03208333333333333,0.18208333333333335,False,3.82,True,calibrated,3.82
0.0,baseline,weak,204,0.004166666666666667,0.06666666666666667,0.044853166390180665,0.0,0.16018457550421777,0.15583333333333332,0.034166666666666665,0.15583333333333332,False,3.82,True,calibrated,3.82
0.0,baseline,weak,205,0.005694444444444445,0.04878048780487805,-0.02916705498661421,0.0,0.17286488726320176,0.183125,0.0375,0.183125,False,3.82,True,calibrated,3.82
0.0,baseline,weak,206,0.004166666666666667,0.06666666666666667,0.00889494572540842,0.0,0.16438404848930763,0.16458333333333333,0.03875,0.16458333333333333,False,3.82,True,calibrated,3.82
0.0,baseline,weak,207,0.0031944444444444446,0.0,0.04911683487935627,0.0,0.16652726414878502,0.18229166666666666,0.035277777777777776,0.18229166666666666,False,3.82,True,calibrated,3.82
0.0,baseline,weak,208,0.004166666666666667,0.06666666666666667,-0.0049946222645996284,0.0,0.1677652751554485,0.16770833333333332,0.03513888888888889,0.16770833333333332,False,3.82,True,calibrated,3.82
0.0,baseline,medium,201,0.005138888888888889,0.10810810810810811,-0.04097655265359181,0.0,0.17560740406650652,0.18645833333333334,0.03694444444444444,0.18645833333333334,False,3.82,True,calibrated,3.82
0.0,baseline,medium,202,0.003611111111111111,0.038461538461538464,-0.04080355890493535,0.0,0.17440451176440572,0.19041666666666668,0.03833333333333334,0.19041666666666668,False,3.82,True,calibrated,3.82
0.0,baseline,medium,203,0.003472222222222222,0.04,0.027803040228142183,0.0,0.18364787228987528,0.19708333333333333,0.036388888888888894,0.19708333333333333,False,3.82,True,calibrated,3.82
0.0,baseline,medium,204,0.00625,0.2,-0.04613567062820237,0.0,0.17698873444587812,0.186875,0.041944444444444444,0.186875,False,3.82,True,calibrated,3.82
0.0,baseline,medium,205,0.005833333333333334,0.023809523809523808,-0.049707083313273295,0.02631578947368421,0.18392983905225913,0.1925,0.04125,0.1925,False,3.82,True,calibrated,3.82
0.0,baseline,medium,206,0.005694444444444445,0.04878048780487805,-0.0018811218474783411,0.0,0.17447312033364545,0.171875,0.04249999999999999,0.171875,False,3.82,True,calibrated,3.82
0.0,baseline,medium,207,0.0033333333333333335,0.0,-0.02006834845636671,0.0,0.17572601196350982,0.18395833333333333,0.034444444444444444,0.18395833333333333,False,3.82,True,calibrated,3.82
0.0,baseline,medium,208,0.003472222222222222,0.0,0.01960303022699549,0.0,0.17521464938188328,0.18625,0.03944444444444445,0.18625,False,3.82,True,calibrated,3.82
0.0,baseline,strong,201,0.003472222222222222,0.04,0.012811061757527163,0.0,0.18796739417784272,0.20166666666666666,0.042361111111111106,0.20166666666666666,False,3.82,True,calibrated,3.82
0.0,baseline,strong,202,0.004583333333333333,0.06060606060606061,0.005214886904711104,0.0,0.18109276298700275,0.19333333333333333,0.04402777777777778,0.19333333333333333,False,3.82,True,calibrated,3.82
0.0,baseline,strong,203,0.004861111111111111,0.11428571428571428,-0.06216163379306068,0.0,0.1999215298042129,0.21083333333333334,0.043750000000000004,0.21083333333333334,False,3.82,True,calibrated,3.82
0.0,baseline,strong,204,0.006388888888888889,0.10869565217391304,-0.03475653243194381,0.045454545454545456,0.1827101249300987,0.19354166666666667,0.042777777777777776,0.19354166666666667,False,3.82,True,calibrated,3.82
0.0,baseline,strong,205,0.005,0.1388888888888889,-0.04349921771007034,0.0,0.17795304541599957,0.188125,0.042916666666666665,0.188125,False,3.82,True,calibrated,3.82
0.0,baseline,strong,206,0.006944444444444444,0.1,-0.0208673113650715,0.0,0.18283790710495035,0.205,0.04888888888888888,0.205,False,3.82,True,calibrated,3.82
0.0,baseline,strong,207,0.0038888888888888888,0.0,0.011309573152060203,0.0,0.1820368486523657,0.19958333333333333,0.041111111111111105,0.19958333333333333,False,3.82,True,calibrated,3.82
0.0,baseline,strong,208,0.005416666666666667,0.20512820512820512,0.012450194369819527,0.0,0.1826815191849433,0.19875,0.04347222222222222,0.19875,False,3.82,True,calibrated,3.82
0.0,combined,weak,201,0.018333333333333333,0.2878787878787879,-0.06382124256448952,0.0625,0.18948752179137965,0.21104166666666666,0.04597222222222223,0.21104166666666666,False,3.82,True,calibrated,3.82
0.0,combined,weak,202,0.020555555555555556,0.34459459459459457,-0.09833780317555557,0.0958904109589041,0.19543347932203262,0.21666666666666667,0.04416666666666667,0.21666666666666667,False,3.82,True,calibrated,3.82
0.0,combined,weak,203,0.023194444444444445,0.4431137724550898,-0.1153542133496454,0.06962025316455696,0.20269683502548644,0.203125,0.047499999999999994,0.203125,False,3.82,True,calibrated,3.82
0.0,combined,weak,204,0.020694444444444446,0.348993288590604,-0.0902024915885828,0.07432432432432433,0.17742478851630125,0.19333333333333333,0.04402777777777778,0.19333333333333333,False,3.82,True,calibrated,3.82
0.0,combined,weak,205,0.019166666666666665,0.37681159420289856,-0.08852622290250019,0.07462686567164178,0.19772884756732453,0.205,0.04194444444444445,0.205,False,3.82,True,calibrated,3.82
0.0,combined,weak,206,0.022083333333333333,0.3584905660377358,-0.13692915671590644,0.05333333333333334,0.19819756408205189,0.21270833333333333,0.04611111111111111,0.21270833333333333,False,3.82,True,calibrated,3.82
0.0,combined,weak,207,0.017638888888888888,0.3937007874015748,-0.06553922432258281,0.034482758620689655,0.17974204750870354,0.19125,0.041944444444444444,0.19125,False,3.82,True,calibrated,3.82
0.0,combined,weak,208,0.01902777777777778,0.38686131386861317,-0.09122308617902315,0.152317880794702,0.17817112287525663,0.179375,0.041249999999999995,0.179375,False,3.82,True,calibrated,3.82
0.0,combined,medium,201,0.019583333333333335,0.3829787234042553,-0.14458060450910304,0.07482993197278912,0.2003161607909272,0.21958333333333332,0.04513888888888889,0.21958333333333332,False,3.82,True,calibrated,3.82
0.0,combined,medium,202,0.021388888888888888,0.44155844155844154,-0.09604308237179718,0.03496503496503497,0.19157573376168627,0.20916666666666667,0.04722222222222222,0.20916666666666667,False,3.82,True,calibrated,3.82
0.0,combined,medium,203,0.023194444444444445,0.47305389221556887,-0.1394190115729496,0.09302325581395349,0.21232886336925674,0.22708333333333333,0.04611111111111111,0.22708333333333333,False,3.82,True,calibrated,3.82
0.0,combined,medium,204,0.024305555555555556,0.4,-0.13584023780654583,0.12234042553191489,0.20100973578468403,0.21791666666666668,0.04791666666666667,0.21791666666666668,False,3.82,True,calibrated,3.82
0.0,combined,medium,205,0.019583333333333335,0.28368794326241137,-0.11650385390996952,0.10204081632653061,0.19663577386867268,0.20270833333333332,0.04527777777777778,0.20270833333333332,False,3.82,True,calibrated,3.82
0.0,combined,medium,206,0.023194444444444445,0.46706586826347307,-0.14578075416057226,0.03773584905660377,0.20849249703393796,0.220625,0.049999999999999996,0.220625,False,3.82,True,calibrated,3.82
0.0,combined,medium,207,0.02013888888888889,0.36551724137931035,-0.104979801808595,0.09333333333333334,0.1968318970728548,0.21104166666666666,0.04486111111111111,0.21104166666666666,False,3.82,True,calibrated,3.82
0.0,combined,medium,208,0.020694444444444446,0.3691275167785235,-0.09574227760366258,0.18292682926829268,0.18590035284556433,0.20979166666666665,0.045138888888888895,0.20979166666666665,False,3.82,True,calibrated,3.82
0.0,combined,strong,201,0.02486111111111111,0.44692737430167595,-0.14259660774655208,0.11538461538461539,0.22504663484303805,0.2520833333333333,0.04944444444444444,0.2520833333333333,False,3.82,True,calibrated,3.82
0.0,combined,strong,202,0.02375,0.5497076023391813,-0.1256017822073161,0.13636363636363635,0.21061393833778191,0.22395833333333334,0.05652777777777778,0.22395833333333334,False,3.82,True,calibrated,3.82
0.0,combined,strong,203,0.026111111111111113,0.425531914893617,-0.16938970485160412,0.13432835820895522,0.2285069718597191,0.240625,0.053888888888888896,0.240625,False,3.82,True,calibrated,3.82
0.0,combined,strong,204,0.02388888888888889,0.42441860465116277,-0.13860184104890652,0.10989010989010989,0.21635692082814592,0.23958333333333334,0.05375,0.23958333333333334,False,3.82,True,calibrated,3.82
0.0,combined,strong,205,0.02486111111111111,0.46368715083798884,-0.12270800251730936,0.09550561797752809,0.2150608456873121,0.231875,0.053888888888888896,0.231875,False,3.82,True,calibrated,3.82
0.0,combined,strong,206,0.03013888888888889,0.4930875576036866,-0.16571048195968094,0.14537444933920704,0.25408366594912823,0.29291666666666666,0.058888888888888886,0.29291666666666666,False,3.82,True,calibrated,3.82
0.0,combined,strong,207,0.020416666666666666,0.40816326530612246,-0.08181274716151216,0.1592356687898089,0.20830577373135523,0.21916666666666668,0.05125,0.21916666666666668,False,3.82,True,calibrated,3.82
0.0,combined,strong,208,0.02277777777777778,0.4878048780487805,-0.10233734348969206,0.16111111111111112,0.1935355632500562,0.21583333333333332,0.049861111111111106,0.21583333333333332,False,3.82,True,calibrated,3.82
2.0,baseline,weak,201,0.003611111111111111,0.038461538461538464,0.08199310105306448,0.0,0.17033979291232682,0.31895833333333334,0.03194444444444444,0.31895833333333334,False,3.82,False,calibrated,3.82
2.0,baseline,weak,202,0.005138888888888889,0.10810810810810811,0.028727245737989914,0.0,0.168678514033076,0.3325,0.032777777777777774,0.3325,False,3.82,False,calibrated,3.82
2.0,baseline,weak,203,0.004166666666666667,0.06666666666666667,0.01851748551496122,0.0,0.17595413200340895,0.3375,0.03263888888888889,0.3375,False,3.82,False,calibrated,3.82
2.0,baseline,weak,204,0.003611111111111111,0.07692307692307693,0.07423613804277632,0.037037037037037035,0.1697624280918605,0.30854166666666666,0.034305555555555554,0.30854166666666666,False,3.82,False,calibrated,3.82
2.0,baseline,weak,205,0.0030555555555555557,0.0,0.03792950344395864,0.0,0.1833849175925615,0.32416666666666666,0.03208333333333333,0.32416666666666666,False,3.82,False,calibrated,3.82
2.0,baseline,weak,206,0.0038888888888888888,0.10714285714285714,0.04479135178502107,0.0,0.1648482802580339,0.30125,0.03388888888888889,0.30125,False,3.82,False,calibrated,3.82
2.0,baseline,weak,207,0.003472222222222222,0.08,0.03983009984047463,0.0,0.17193428150398515,0.31916666666666665,0.030138888888888885,0.31916666666666665,False,3.82,False,calibrated,3.82
2.0,baseline,weak,208,0.005,0.1388888888888889,0.10278362962228231,0.0,0.16496108697605075,0.30270833333333336,0.030833333333333334,0.30270833333333336,False,3.82,False,calibrated,3.82
2.0,baseline,medium,201,0.0043055555555555555,0.12903225806451613,0.02194411836429879,0.0,0.1796106465795307,0.3383333333333333,0.032638888888888884,0.3383333333333333,False,3.82,False,calibrated,3.82
2.0,baseline,medium,202,0.005138888888888889,0.10810810810810811,-0.02023621832772208,0.0,0.16801783096729067,0.33625,0.03416666666666667,0.33625,False,3.82,False,calibrated,3.82
2.0,baseline,medium,203,0.004583333333333333,0.06060606060606061,0.025352504480371376,0.0,0.1867783514885444,0.35375,0.034444444444444444,0.35375,False,3.82,False,calibrated,3.82
2.0,baseline,medium,204,0.004583333333333333,0.21212121212121213,0.0582115578547606,0.0,0.17786103955124913,0.3172916666666667,0.034305555555555554,0.3172916666666667,False,3.82,False,calibrated,3.82
2.0,baseline,medium,205,0.004583333333333333,0.18181818181818182,-0.013683681432424783,0.0,0.18589945123484897,0.349375,0.03500000000000001,0.349375,False,3.82,False,calibrated,3.82
2.0,baseline,medium,206,0.004583333333333333,0.12121212121212122,-0.021191596772067386,0.0,0.17675570525358578,0.32916666666666666,0.03361111111111111,0.32916666666666666,False,3.82,False,calibrated,3.82
2.0,baseline,medium,207,0.004027777777777778,0.0,0.03144189956820389,0.03571428571428571,0.17319880687644104,0.32458333333333333,0.029444444444444443,0.32458333333333333,False,3.82,False,calibrated,3.82
2.0,baseline,medium,208,0.005,0.05555555555555555,0.020714969524032328,0.0625,0.17353145672184853,0.3260416666666667,0.03222222222222222,0.3260416666666667,False,3.82,False,calibrated,3.82
2.0,baseline,strong,201,0.0030555555555555557,0.0,-0.007492732152317157,0.0,0.18665244188576963,0.353125,0.031111111111111117,0.353125,False,3.82,False,calibrated,3.82
2.0,baseline,strong,202,0.005,0.16666666666666666,-0.045182894010857254,0.0,0.1800893364796765,0.35104166666666664,0.03138888888888889,0.35104166666666664,False,3.82,False,calibrated,3.82
2.0,baseline,strong,203,0.004722222222222222,0.058823529411764705,-0.018287100718608246,0.0,0.19534082912522435,0.3564583333333333,0.03569444444444444,0.3564583333333333,False,3.82,False,calibrated,3.82
2.0,baseline,strong,204,0.004861111111111111,0.08571428571428572,-0.012688855937003404,0.0,0.18931077353733722,0.339375,0.035833333333333335,0.339375,False,3.82,False,calibrated,3.82
2.0,baseline,strong,205,0.0033333333333333335,0.08333333333333333,0.015620026694781136,0.0,0.19195491758807204,0.35625,0.03208333333333333,0.35625,False,3.82,False,calibrated,3.82
2.0,baseline,strong,206,0.00375,0.07407407407407407,-0.026319486805747243,0.0,0.17450021280428588,0.32395833333333335,0.03486111111111111,0.32395833333333335,False,3.82,False,calibrated,3.82
2.0,baseline,strong,207,0.0033333333333333335,0.041666666666666664,-0.016836765170095736,0.0,0.1825333759769615,0.35604166666666665,0.030277777777777775,0.35604166666666665,False,3.82,False,calibrated,3.82
2.0,baseline,strong,208,0.003611111111111111,0.07692307692307693,-0.014006151059991177,0.0,0.18277091837297563,0.34770833333333334,0.03263888888888889,0.34770833333333334,False,3.82,False,calibrated,3.82
2.0,combined,weak,201,0.015694444444444445,0.3274336283185841,-0.015281275904131596,0.06363636363636363,0.18435835953520127,0.32979166666666665,0.03638888888888889,0.32979166666666665,False,3.82,False,calibrated,3.82
2.0,combined,weak,202,0.017916666666666668,0.37209302325581395,-0.04340935635518724,0.056451612903225805,0.19437246367115335,0.3564583333333333,0.03805555555555556,0.3564583333333333,False,3.82,False,calibrated,3.82
2.0,combined,weak,203,0.015,0.25925925925925924,-0.0017012248025312104,0.08490566037735849,0.18800693873908078,0.3460416666666667,0.036805555555555564,0.3460416666666667,False,3.82,False,calibrated,3.82
2.0,combined,weak,204,0.015277777777777777,0.2636363636363636,-0.05209779208587122,0.03669724770642202,0.17749181933180366,0.328125,0.03777777777777778,0.328125,False,3.82,False,calibrated,3.82
2.0,combined,weak,205,0.017638888888888888,0.36220472440944884,-0.06370990865448818,0.05511811023622047,0.1886224294648743,0.354375,0.035555555555555556,0.354375,False,3.82,False,calibrated,3.82
2.0,combined,weak,206,0.018333333333333333,0.36363636363636365,-0.09020847498984544,0.024390243902439025,0.19991987835232988,0.34,0.042083333333333334,0.34,False,3.82,False,calibrated,3.82
2.0,combined,weak,207,0.015694444444444445,0.2831858407079646,0.002914987218722443,0.07207207207207207,0.18034159807931407,0.32895833333333335,0.03791666666666667,0.32895833333333335,False,3.82,False,calibrated,3.82
2.0,combined,weak,208,0.017361111111111112,0.36,-0.026731037789666495,0.040983606557377046,0.18067567699435363,0.31583333333333335,0.04041666666666667,0.31583333333333335,False,3.82,False,calibrated,3.82
2.0,combined,medium,201,0.017916666666666668,0.32558139534883723,-0.050852233794282914,0.0703125,0.19776729075468397,0.37166666666666665,0.03902777777777778,0.37166666666666665,False,3.82,False,calibrated,3.82
2.0,combined,medium,202,0.019305555555555555,0.381294964028777,-0.07308864039082229,0.09219858156028368,0.20243481512001604,0.36020833333333335,0.039166666666666676,0.36020833333333335,False,3.82,False,calibrated,3.82
2.0,combined,medium,203,0.017638888888888888,0.3543307086614173,-0.047901283229612936,0.1076923076923077,0.20685996495947936,0.37854166666666667,0.037638888888888895,0.37854166666666667,False,3.82,False,calibrated,3.82
2.0,combined,medium,204,0.021111111111111112,0.40789473684210525,-0.06669278686424292,0.07236842105263158,0.1927591855445102,0.34541666666666665,0.04263888888888889,0.34541666666666665,False,3.82,False,calibrated,3.82
2.0,combined,medium,205,0.018194444444444444,0.3893129770992366,-0.12189046371347062,0.0546875,0.20223564660617263,0.3772916666666667,0.03888888888888889,0.3772916666666667,False,3.82,False,calibrated,3.82
2.0,combined,medium,206,0.019305555555555555,0.4028776978417266,-0.08394288714098108,0.038461538461538464,0.1987055658199659,0.35520833333333335,0.040833333333333326,0.35520833333333335,False,3.82,False,calibrated,3.82
2.0,combined,medium,207,0.017777777777777778,0.3046875,-0.02161182945741728,0.07751937984496124,0.19677579711559526,0.345625,0.03652777777777778,0.345625,False,3.82,False,calibrated,3.82
2.0,combined,medium,208,0.01597222222222222,0.2956521739130435,-0.04527533695605279,0.11666666666666667,0.18150924600898125,0.33708333333333335,0.037361111111111116,0.33708333333333335,False,3.82,False,calibrated,3.82
2.0,combined,strong,201,0.021111111111111112,0.4605263157894737,-0.12314928440385416,0.07741935483870968,0.21861929209411046,0.39416666666666667,0.03944444444444445,0.39416666666666667,False,3.82,False,calibrated,3.82
2.0,combined,strong,202,0.02347222222222222,0.44970414201183434,-0.1247860543777196,0.09195402298850575,0.2249770056486356,0.39770833333333333,0.043194444444444445,0.39770833333333333,False,3.82,False,calibrated,3.82
2.0,combined,strong,203,0.01972222222222222,0.36619718309859156,-0.07872049935034671,0.06474820143884892,0.21525153119434956,0.39770833333333333,0.041249999999999995,0.39770833333333333,False,3.82,False,calibrated,3.82
2.0,combined,strong,204,0.02,0.3333333333333333,-0.07558493547678241,0.08783783783783784,0.20057398968803564,0.38166666666666665,0.04430555555555555,0.38166666666666665,False,3.82,False,calibrated,3.82
2.0,combined,strong,205,0.021666666666666667,0.42948717948717946,-0.09532272598841592,0.06622516556291391,0.2155776439192554,0.37375,0.043194444444444445,0.37375,False,3.82,False,calibrated,3.82
2.0,combined,strong,206,0.025416666666666667,0.4426229508196721,-0.14882206556296834,0.07608695652173914,0.2338802950236458,0.406875,0.046250000000000006,0.406875,False,3.82,False,calibrated,3.82
2.0,combined,strong,207,0.01902777777777778,0.39416058394160586,-0.09850765301339912,0.11188811188811189,0.19930031017254352,0.37145833333333333,0.04111111111111111,0.37145833333333333,False,3.82,False,calibrated,3.82
2.0,combined,strong,208,0.018472222222222223,0.45864661654135336,-0.09495658181961207,0.11510791366906475,0.1887492283391226,0.36770833333333336,0.03958333333333334,0.36770833333333336,False,3.82,False,calibrated,3.82
5.0,baseline,weak,201,0.0030555555555555557,0.13636363636363635,0.17158314810097253,0.0,0.16533151481816052,0.52,0.023333333333333334,0.52,False,3.82,False,calibrated,3.82
5.0,baseline,weak,202,0.0030555555555555557,0.045454545454545456,0.07140018132555125,0.0,0.16786323395950725,0.5322916666666667,0.026249999999999996,0.5322916666666667,False,3.82,False,calibrated,3.82
5.0,baseline,weak,203,0.00375,0.1111111111111111,0.029463707823712045,0.0,0.1733133058720351,0.5304166666666666,0.025277777777777774,0.5304166666666666,False,3.82,False,calibrated,3.82
5.0,baseline,weak,204,0.0022222222222222222,0.0,0.22757397504090793,0.0,0.16013520340395063,0.5158333333333334,0.025277777777777777,0.5158333333333334,False,3.82,False,calibrated,3.82
5.0,baseline,weak,205,0.003611111111111111,0.07692307692307693,0.15008353174127376,0.0,0.16910790545061963,0.53625,0.024166666666666666,0.53625,False,3.82,False,calibrated,3.82
5.0,baseline,weak,206,0.0020833333333333333,0.0,0.1761146250597638,0.0,0.16109557567611157,0.5104166666666666,0.025833333333333337,0.5104166666666666,False,3.82,False,calibrated,3.82
5.0,baseline,weak,207,0.00375,0.14814814814814814,0.1628196855998239,0.0,0.17239131004466246,0.5352083333333333,0.02666666666666667,0.5352083333333333,False,3.82,False,calibrated,3.82
5.0,baseline,weak,208,0.00375,0.037037037037037035,0.10752192292310639,0.0,0.16654857832105086,0.5289583333333333,0.025833333333333333,0.5289583333333333,False,3.82,False,calibrated,3.82
5.0,baseline,medium,201,0.00125,0.0,0.14596545403179348,0.0,0.17594774779756375,0.5495833333333333,0.022499999999999996,0.5495833333333333,False,3.82,False,calibrated,3.82
5.0,baseline,medium,202,0.002916666666666667,0.0,0.11973061338157368,0.0,0.16309761330893524,0.5354166666666667,0.02388888888888889,0.5354166666666667,False,3.82,False,calibrated,3.82
5.0,baseline,medium,203,0.0044444444444444444,0.09375,0.012887589914997152,0.0,0.1814165742051617,0.574375,0.02638888888888889,0.574375,False,3.82,False,calibrated,3.82
5.0,baseline,medium,204,0.0025,0.16666666666666666,0.10086093103466573,0.0,0.16764397832588832,0.5472916666666666,0.023194444444444445,0.5472916666666666,False,3.82,False,calibrated,3.82
5.0,baseline,medium,205,0.003472222222222222,0.16,0.0016925178431037979,0.0,0.17631176268161228,0.5616666666666666,0.024027777777777776,0.5616666666666666,False,3.82,False,calibrated,3.82
5.0,baseline,medium,206,0.002916666666666667,0.09523809523809523,0.11432029143738763,0.0,0.1675404363317812,0.545,0.023055555555555555,0.545,False,3.82,False,calibrated,3.82
5.0,baseline,medium,207,0.003611111111111111,0.11538461538461539,0.06572081989806766,0.0,0.17230065415272294,0.5539583333333333,0.021805555555555554,0.5539583333333333,False,3.82,False,calibrated,3.82
5.0,baseline,medium,208,0.0019444444444444444,0.0,0.03801598601089563,0.0,0.1703155817841015,0.5529166666666666,0.02486111111111111,0.5529166666666666,False,3.82,False,calibrated,3.82
5.0,baseline,strong,201,0.0025,0.05555555555555555,0.0009234819460105884,0.0,0.18249872745538892,0.583125,0.021805555555555554,0.583125,False,3.82,False,calibrated,3.82
5.0,baseline,strong,202,0.0018055555555555555,0.07692307692307693,0.023837837527199493,0.0,0.17018272770913231,0.5754166666666667,0.021111111111111112,0.5754166666666667,False,3.82,False,calibrated,3.82
5.0,baseline,strong,203,0.002777777777777778,0.05,0.06126103039147821,0.0,0.18328456478617478,0.5822916666666667,0.022500000000000003,0.5822916666666667,False,3.82,False,calibrated,3.82
5.0,baseline,strong,204,0.002916666666666667,0.14285714285714285,-0.0597109664085787,0.0,0.17147496154245465,0.5779166666666666,0.020972222222222222,0.5779166666666666,False,3.82,False,calibrated,3.82
5.0,baseline,strong,205,0.0033333333333333335,0.20833333333333334,-0.06264889798436434,0.0,0.17871433816168278,0.580625,0.020694444444444442,0.580625,False,3.82,False,calibrated,3.82
5.0,baseline,strong,206,0.003472222222222222,0.04,0.02390858667222278,0.0,0.1750667074877395,0.5472916666666666,0.02722222222222222,0.5472916666666666,False,3.82,False,calibrated,3.82
5.0,baseline,strong,207,0.002361111111111111,0.17647058823529413,-0.041715762862299346,0.0,0.17497642844782027,0.585,0.01875,0.585,False,3.82,False,calibrated,3.82
5.0,baseline,strong,208,0.0033333333333333335,0.25,0.03296483334010664,0.0,0.1793884809174983,0.5708333333333333,0.021944444444444444,0.5708333333333333,False,3.82,False,calibrated,3.82
5.0,combined,weak,201,0.014583333333333334,0.3333333333333333,0.007555702031230722,0.0,0.19087747865726712,0.5679166666666666,0.03125000000000001,0.5679166666666666,False,3.82,False,calibrated,3.82
5.0,combined,weak,202,0.02,0.4166666666666667,0.02373825201713323,0.05555555555555555,0.19219643171261197,0.525625,0.03541666666666667,0.525625,False,3.82,False,calibrated,3.82
5.0,combined,weak,203,0.01375,0.32323232323232326,0.028778998610393305,0.052083333333333336,0.19146702303368565,0.5510416666666667,0.03291666666666667,0.5510416666666667,False,3.82,False,calibrated,3.82
5.0,combined,weak,204,0.014444444444444444,0.3076923076923077,0.07372061803554533,0.0196078431372549,0.17993606291614878,0.5645833333333333,0.03208333333333334,0.5645833333333333,False,3.82,False,calibrated,3.82
5.0,combined,weak,205,0.01361111111111111,0.37755102040816324,0.016795987120210132,0.031914893617021274,0.19281132816285965,0.56125,0.03319444444444445,0.56125,False,3.82,False,calibrated,3.82
5.0,combined,weak,206,0.018055555555555554,0.3769230769230769,0.04342658229962733,0.024390243902439025,0.18779649626833214,0.520625,0.03791666666666666,0.520625,False,3.82,False,calibrated,3.82
5.0,combined,weak,207,0.015555555555555555,0.39285714285714285,-0.0031177390140394575,0.0380952380952381,0.18490134938446534,0.5479166666666667,0.03277777777777779,0.5479166666666667,False,3.82,False,calibrated,3.82
5.0,combined,weak,208,0.015416666666666667,0.2702702702702703,0.04481701433396601,0.08928571428571429,0.1770804975403515,0.5275,0.032916666666666664,0.5275,False,3.82,False,calibrated,3.82
5.0,combined,medium,201,0.013472222222222222,0.29896907216494845,-0.038560909979164414,0.010869565217391304,0.1909759124903787,0.575,0.029027777777777777,0.575,False,3.82,False,calibrated,3.82
5.0,combined,medium,202,0.01638888888888889,0.423728813559322,-0.04973559737951192,0.06956521739130435,0.19371002782214103,0.6002083333333333,0.03208333333333334,0.6002083333333333,False,3.82,False,calibrated,3.82
5.0,combined,medium,203,0.011944444444444445,0.313953488372093,0.039048999373159254,0.07777777777777778,0.18545145741795346,0.5777083333333334,0.028333333333333332,0.5777083333333334,False,3.82,False,calibrated,3.82
5.0,combined,medium,204,0.013888888888888888,0.36,-0.02092826919377201,0.020833333333333332,0.17961967573075774,0.5533333333333333,0.031111111111111107,0.5533333333333333,False,3.82,False,calibrated,3.82
5.0,combined,medium,205,0.01513888888888889,0.3944954128440367,-0.04238126965912606,0.00980392156862745,0.20528875761240858,0.6139583333333334,0.03125000000000001,0.6139583333333334,False,3.82,False,calibrated,3.82
5.0,combined,medium,206,0.016944444444444446,0.4098360655737705,-0.03213276561301943,0.0,0.20851442481577773,0.579375,0.034444444444444444,0.579375,False,3.82,False,calibrated,3.82
5.0,combined,medium,207,0.01375,0.2222222222222222,0.006555541828328351,0.021739130434782608,0.19543797112632372,0.5935416666666666,0.028333333333333332,0.5935416666666666,False,3.82,False,calibrated,3.82
5.0,combined,medium,208,0.01638888888888889,0.3220338983050847,0.0017381480868902037,0.035398230088495575,0.18313411447662337,0.5720833333333334,0.03125,0.5720833333333334,False,3.82,False,calibrated,3.82
5.0,combined,strong,201,0.015,0.3333333333333333,-0.08286659612757317,0.04716981132075472,0.206093180532857,0.603125,0.028055555555555556,0.603125,False,3.82,False,calibrated,3.82
5.0,combined,strong,202,0.014861111111111111,0.38317757009345793,-0.027192060896083173,0.01020408163265306,0.19558070265499572,0.5822916666666667,0.03041666666666667,0.5822916666666667,False,3.82,False,calibrated,3.82
5.0,combined,strong,203,0.014861111111111111,0.37383177570093457,-0.04973906843905219,0.05714285714285714,0.2011735768592701,0.6054166666666667,0.029305555555555557,0.6054166666666667,False,3.82,False,calibrated,3.82
5.0,combined,strong,204,0.015277777777777777,0.36363636363636365,-0.04906723220828062,0.05504587155963303,0.1881763897964488,0.5977083333333333,0.029027777777777774,0.5977083333333333,False,3.82,False,calibrated,3.82
5.0,combined,strong,205,0.018333333333333333,0.4015151515151515,-0.017778022803271485,0.03225806451612903,0.20929770502390782,0.5922916666666667,0.033472222222222216,0.5922916666666667,False,3.82,False,calibrated,3.82
5.0,combined,strong,206,0.019166666666666665,0.47101449275362317,-0.07324878341557368,0.008130081300813009,0.22001234673122744,0.6052083333333333,0.034166666666666665,0.6052083333333333,False,3.82,False,calibrated,3.82
5.0,combined,strong,207,0.014166666666666666,0.37254901960784315,-0.00947453782771467,0.02040816326530612,0.19233206166375136,0.599375,0.02666666666666666,0.599375,False,3.82,False,calibrated,3.82
5.0,combined,strong,208,0.01513888888888889,0.4036697247706422,-0.03742979765274826,0.0196078431372549,0.18780524615134875,0.56625,0.03069444444444444,0.56625,False,3.82,False,calibrated,3.82
10.0,baseline,weak,201,0.002361111111111111,0.0,0.2424221961266322,0.0,0.16685333868322347,0.6872916666666666,0.020694444444444442,0.6872916666666666,False,3.82,False,calibrated,3.82
10.0,baseline,weak,202,0.003611111111111111,0.0,0.2848000034699039,0.0,0.16177720078697136,0.695,0.020277777777777777,0.695,False,3.82,False,calibrated,3.82
10.0,baseline,weak,203,0.0016666666666666668,0.08333333333333333,0.20938529314059387,0.0,0.1779552361404347,0.7108333333333333,0.021805555555555554,0.7108333333333333,False,3.82,False,calibrated,3.82
10.0,baseline,weak,204,0.002777777777777778,0.05,0.22739627277231644,0.0,0.16358597499587402,0.7233333333333334,0.022916666666666665,0.7233333333333334,False,3.82,False,calibrated,3.82
10.0,baseline,weak,205,0.0018055555555555555,0.0,0.25776606715010186,0.0,0.17021685679072615,0.7308333333333333,0.02027777777777778,0.7308333333333333,False,3.82,False,calibrated,3.82
10.0,baseline,weak,206,0.0019444444444444444,0.0,0.24770239344853076,0.0,0.16831847451349777,0.6979166666666666,0.021944444444444447,0.6979166666666666,False,3.82,False,calibrated,3.82
10.0,baseline,weak,207,0.0030555555555555557,0.045454545454545456,0.3003483573299257,0.0,0.16472979345993152,0.7152083333333333,0.019444444444444445,0.7152083333333333,False,3.82,False,calibrated,3.82
10.0,baseline,weak,208,0.0031944444444444446,0.0,0.3084776541882626,0.0,0.15996435072528636,0.7095833333333333,0.02041666666666667,0.7095833333333333,False,3.82,False,calibrated,3.82
10.0,baseline,medium,201,0.0022222222222222222,0.0625,0.08437040874539276,0.0,0.16878509985458356,0.74375,0.016388888888888887,0.74375,False,3.82,False,calibrated,3.82
10.0,baseline,medium,202,0.0030555555555555557,0.045454545454545456,0.09470280279350271,0.0,0.16846435016842573,0.7352083333333334,0.01611111111111111,0.7352083333333334,False,3.82,False,calibrated,3.82
10.0,baseline,medium,203,0.002916666666666667,0.0,0.27640941169452604,0.0,0.17566841358884172,0.743125,0.017083333333333332,0.743125,False,3.82,False,calibrated,3.82
10.0,baseline,medium,204,0.0015277777777777779,0.09090909090909091,0.1453976342225973,0.0,0.16496667535969925,0.7458333333333333,0.015833333333333335,0.7458333333333333,False,3.82,False,calibrated,3.82
10.0,baseline,medium,205,0.002916666666666667,0.09523809523809523,0.17354702638047398,0.0,0.17778344536931998,0.73125,0.018611111111111113,0.73125,False,3.82,False,calibrated,3.82
10.0,baseline,medium,206,0.0038888888888888888,0.10714285714285714,0.17266081503445058,0.0,0.1665033505655459,0.7416666666666667,0.020000000000000004,0.7416666666666667,False,3.82,False,calibrated,3.82
10.0,baseline,medium,207,0.0008333333333333334,0.16666666666666666,-0.04812135912621065,0.0,0.16408002852668968,0.78375,0.011666666666666665,0.78375,False,3.82,False,calibrated,3.82
10.0,baseline,medium,208,0.0020833333333333333,0.0,0.24971996044509134,0.0,0.16608574517578972,0.7560416666666666,0.015,0.7560416666666666,False,3.82,False,calibrated,3.82
10.0,baseline,strong,201,0.002361111111111111,0.17647058823529413,0.08559352177807537,0.0,0.17247686930538328,0.7775,0.012361111111111113,0.7775,False,3.82,False,calibrated,3.82
10.0,baseline,strong,202,0.00125,0.0,0.07471578815985408,0.0,0.1693648214677172,0.7627083333333333,0.01013888888888889,0.7627083333333333,False,3.82,False,calibrated,3.82
10.0,baseline,strong,203,0.0016666666666666668,0.0,-0.06343376179571067,0.0,0.1793380003382075,0.7752083333333334,0.01611111111111111,0.7752083333333334,False,3.82,False,calibrated,3.82
10.0,baseline,strong,204,0.0016666666666666668,0.0,0.14118455670881855,0.0,0.16397635102817976,0.761875,0.01347222222222222,0.761875,False,3.82,False,calibrated,3.82
10.0,baseline,strong,205,0.002638888888888889,0.05263157894736842,0.13959869040211564,0.0,0.17764654886347023,0.7885416666666667,0.01333333333333333,0.7885416666666667,False,3.82,False,calibrated,3.82
10.0,baseline,strong,206,0.002916666666666667,0.09523809523809523,0.1690057830114972,0.0,0.16471087168395282,0.7691666666666667,0.015138888888888887,0.7691666666666667,False,3.82,False,calibrated,3.82
10.0,baseline,strong,207,0.0009722222222222222,0.0,0.012269853463439031,0.0,0.16854029766484876,0.785625,0.012777777777777779,0.785625,False,3.82,False,calibrated,3.82
10.0,baseline,strong,208,0.002777777777777778,0.0,0.16857850244353834,0.0,0.16756132678127514,0.7635416666666667,0.014166666666666666,0.7635416666666667,False,3.82,False,calibrated,3.82
10.0,combined,weak,201,0.011527777777777777,0.24096385542168675,0.16786959064374282,0.038461538461538464,0.1797857404820158,0.6954166666666667,0.026944444444444448,0.6954166666666667,False,3.82,False,calibrated,3.82
10.0,combined,weak,202,0.014166666666666666,0.28431372549019607,0.14427543975691196,0.02127659574468085,0.1791353207209726,0.691875,0.029861111111111106,0.691875,False,3.82,False,calibrated,3.82
10.0,combined,weak,203,0.013333333333333334,0.3125,0.16610004528824282,0.011363636363636364,0.19114832547001015,0.6914583333333333,0.031111111111111114,0.6914583333333333,False,3.82,False,calibrated,3.82
10.0,combined,weak,204,0.015,0.3333333333333333,0.16508857207769714,0.04807692307692308,0.17242447650675732,0.6977083333333334,0.030555555555555558,0.6977083333333334,False,3.82,False,calibrated,3.82
10.0,combined,weak,205,0.011527777777777777,0.25301204819277107,0.14470306449239545,0.0,0.1787367709078219,0.6870833333333334,0.029583333333333333,0.6870833333333334,False,3.82,False,calibrated,3.82
10.0,combined,weak,206,0.01375,0.24242424242424243,0.1613203468946346,0.0,0.18159177418572545,0.666875,0.03166666666666667,0.666875,False,3.82,False,calibrated,3.82
10.0,combined,weak,207,0.010694444444444444,0.16883116883116883,0.1978945989136246,0.05263157894736842,0.1732370675383692,0.7083333333333334,0.02597222222222222,0.7083333333333334,False,3.82,False,calibrated,3.82
10.0,combined,weak,208,0.010555555555555556,0.2236842105263158,0.1744119768961153,0.0875,0.17019690256072423,0.6985416666666666,0.024583333333333336,0.6985416666666666,False,3.82,False,calibrated,3.82
10.0,combined,medium,201,0.01,0.25,0.14341419772425573,0.0,0.175818670555134,0.7197916666666667,0.022777777777777782,0.7197916666666667,False,3.82,False,calibrated,3.82
10.0,combined,medium,202,0.011666666666666667,0.2619047619047619,0.07913778189293971,0.012987012987012988,0.18264267856434394,0.7525,0.023055555555555555,0.7525,False,3.82,False,calibrated,3.82
10.0,combined,medium,203,0.010138888888888888,0.3424657534246575,0.14624838834129442,0.0,0.18231408556893403,0.7247916666666666,0.02472222222222222,0.7247916666666666,False,3.82,False,calibrated,3.82
10.0,combined,medium,204,0.012361111111111111,0.34831460674157305,0.09927329769582413,0.0,0.1808676725767522,0.7527083333333333,0.023750000000000004,0.7527083333333333,False,3.82,False,calibrated,3.82
10.0,combined,medium,205,0.011805555555555555,0.3411764705882353,0.05997873041779157,0.012345679012345678,0.1904435233072702,0.7820833333333334,0.02263888888888889,0.7820833333333334,False,3.82,False,calibrated,3.82
10.0,combined,medium,206,0.012777777777777779,0.29347826086956524,0.08997430984640921,0.0,0.18588907343819186,0.7279166666666667,0.02472222222222223,0.7279166666666667,False,3.82,False,calibrated,3.82
10.0,combined,medium,207,0.008888888888888889,0.25,0.11526597780467504,0.03125,0.17918828820919913,0.745625,0.01986111111111111,0.745625,False,3.82,False,calibrated,3.82
10.0,combined,medium,208,0.0125,0.4111111111111111,0.05421367113666067,0.08695652173913043,0.1745552105594676,0.721875,0.024583333333333332,0.721875,False,3.82,False,calibrated,3.82
10.0,combined,strong,201,0.009305555555555555,0.34328358208955223,0.010081852687894684,0.015625,0.18434466998765658,0.7552083333333334,0.016944444444444443,0.7552083333333334,False,3.82,False,calibrated,3.82
10.0,combined,strong,202,0.010555555555555556,0.40789473684210525,-0.021725302158707698,0.0,0.18222999119268157,0.7779166666666667,0.01902777777777778,0.7779166666666667,False,3.82,False,calibrated,3.82
10.0,combined,strong,203,0.009027777777777777,0.36923076923076925,0.06936168662771727,0.0,0.1849615609356744,0.8041666666666667,0.018333333333333337,0.8041666666666667,False,3.82,False,calibrated,3.82
10.0,combined,strong,204,0.00986111111111111,0.323943661971831,0.09954186323335262,0.03076923076923077,0.16742038713013108,0.7675,0.01972222222222222,0.7675,False,3.82,False,calibrated,3.82
10.0,combined,strong,205,0.01138888888888889,0.2804878048780488,0.019589197286200153,0.0,0.185741060952805,0.77,0.01916666666666667,0.77,False,3.82,False,calibrated,3.82
10.0,combined,strong,206,0.01138888888888889,0.35365853658536583,0.008552631498174534,0.0,0.19447634538069072,0.8070833333333334,0.020972222222222222,0.8070833333333334,False,3.82,False,calibrated,3.82
10.0,combined,strong,207,0.008888888888888889,0.296875,0.01911216895148441,0.0,0.181686754812714,0.7885416666666667,0.0175,0.7885416666666667,False,3.82,False,calibrated,3.82
10.0,combined,strong,208,0.010972222222222222,0.26582278481012656,0.13226347396332921,0.025974025974025976,0.17457448152741967,0.761875,0.01875,0.761875,False,3.82,False,calibrated,3.82
0.0,baseline,weak,201,0.006805555555555555,0.14285714285714285,0.014979787629303918,0.0,0.16277262787738148,0.16666666666666666,0.036527777777777784,0.16666666666666666,True,3.82,True,calibrated,3.82
0.0,baseline,weak,202,0.004166666666666667,0.13333333333333333,0.03434907732666288,0.0,0.16530372699434498,0.16833333333333333,0.03263888888888889,0.16833333333333333,True,3.82,True,calibrated,3.82
0.0,baseline,weak,203,0.0038888888888888888,0.14285714285714285,0.020682223941044988,0.037037037037037035,0.18223012911194506,0.18208333333333335,0.03208333333333333,0.18208333333333335,True,3.82,True,calibrated,3.82
0.0,baseline,weak,204,0.004166666666666667,0.06666666666666667,0.044853166390180665,0.0,0.16018457550421777,0.15583333333333332,0.034166666666666665,0.15583333333333332,True,3.82,True,calibrated,3.82
0.0,baseline,weak,205,0.005694444444444445,0.04878048780487805,-0.02916705498661421,0.0,0.17286488726320176,0.183125,0.0375,0.183125,True,3.82,True,calibrated,3.82
0.0,baseline,weak,206,0.004166666666666667,0.06666666666666667,0.00889494572540842,0.0,0.16438404848930763,0.16458333333333333,0.03875,0.16458333333333333,True,3.82,True,calibrated,3.82
0.0,baseline,weak,207,0.0031944444444444446,0.0,0.04911683487935627,0.0,0.16652726414878502,0.18229166666666666,0.035277777777777776,0.18229166666666666,True,3.82,True,calibrated,3.82
0.0,baseline,weak,208,0.004166666666666667,0.06666666666666667,-0.0049946222645996284,0.0,0.1677652751554485,0.16770833333333332,0.03513888888888889,0.16770833333333332,True,3.82,True,calibrated,3.82
0.0,baseline,medium,201,0.005138888888888889,0.10810810810810811,-0.04097655265359181,0.0,0.17560740406650652,0.18645833333333334,0.03694444444444444,0.18645833333333334,True,3.82,True,calibrated,3.82
0.0,baseline,medium,202,0.003611111111111111,0.038461538461538464,-0.04080355890493535,0.0,0.17440451176440572,0.19041666666666668,0.03833333333333334,0.19041666666666668,True,3.82,True,calibrated,3.82
0.0,baseline,medium,203,0.003472222222222222,0.04,0.027803040228142183,0.0,0.18364787228987528,0.19708333333333333,0.036388888888888894,0.19708333333333333,True,3.82,True,calibrated,3.82
0.0,baseline,medium,204,0.00625,0.2,-0.04613567062820237,0.0,0.17698873444587812,0.186875,0.041944444444444444,0.186875,True,3.82,True,calibrated,3.82
0.0,baseline,medium,205,0.005833333333333334,0.023809523809523808,-0.049707083313273295,0.02631578947368421,0.18392983905225913,0.1925,0.04125,0.1925,True,3.82,True,calibrated,3.82
0.0,baseline,medium,206,0.005694444444444445,0.04878048780487805,-0.0018811218474783411,0.0,0.17447312033364545,0.171875,0.04249999999999999,0.171875,True,3.82,True,calibrated,3.82
0.0,baseline,medium,207,0.0033333333333333335,0.0,-0.02006834845636671,0.0,0.17572601196350982,0.18395833333333333,0.034444444444444444,0.18395833333333333,True,3.82,True,calibrated,3.82
0.0,baseline,medium,208,0.003472222222222222,0.0,0.01960303022699549,0.0,0.17521464938188328,0.18625,0.03944444444444445,0.18625,True,3.82,True,calibrated,3.82
0.0,baseline,strong,201,0.003472222222222222,0.04,0.012811061757527163,0.0,0.18796739417784272,0.20166666666666666,0.042361111111111106,0.20166666666666666,True,3.82,True,calibrated,3.82
0.0,baseline,strong,202,0.004583333333333333,0.06060606060606061,0.005214886904711104,0.0,0.18109276298700275,0.19333333333333333,0.04402777777777778,0.19333333333333333,True,3.82,True,calibrated,3.82
0.0,baseline,strong,203,0.004861111111111111,0.11428571428571428,-0.06216163379306068,0.0,0.1999215298042129,0.21083333333333334,0.043750000000000004,0.21083333333333334,True,3.82,True,calibrated,3.82
0.0,baseline,strong,204,0.006388888888888889,0.10869565217391304,-0.03475653243194381,0.045454545454545456,0.1827101249300987,0.19354166666666667,0.042777777777777776,0.19354166666666667,True,3.82,True,calibrated,3.82
0.0,baseline,strong,205,0.005,0.1388888888888889,-0.04349921771007034,0.0,0.17795304541599957,0.188125,0.042916666666666665,0.188125,True,3.82,True,calibrated,3.82
0.0,baseline,strong,206,0.006944444444444444,0.1,-0.0208673113650715,0.0,0.18283790710495035,0.205,0.04888888888888888,0.205,True,3.82,True,calibrated,3.82
0.0,baseline,strong,207,0.0038888888888888888,0.0,0.011309573152060203,0.0,0.1820368486523657,0.19958333333333333,0.041111111111111105,0.19958333333333333,True,3.82,True,calibrated,3.82
0.0,baseline,strong,208,0.005416666666666667,0.20512820512820512,0.012450194369819527,0.0,0.1826815191849433,0.19875,0.04347222222222222,0.19875,True,3.82,True,calibrated,3.82
0.0,combined,weak,201,0.018333333333333333,0.2878787878787879,-0.06382124256448952,0.0625,0.18948752179137965,0.21104166666666666,0.04597222222222223,0.21104166666666666,True,3.82,True,calibrated,3.82
0.0,combined,weak,202,0.020555555555555556,0.34459459459459457,-0.09833780317555557,0.0958904109589041,0.19543347932203262,0.21666666666666667,0.04416666666666667,0.21666666666666667,True,3.82,True,calibrated,3.82
0.0,combined,weak,203,0.023194444444444445,0.4431137724550898,-0.1153542133496454,0.06962025316455696,0.20269683502548644,0.203125,0.047499999999999994,0.203125,True,3.82,True,calibrated,3.82
0.0,combined,weak,204,0.020694444444444446,0.348993288590604,-0.0902024915885828,0.07432432432432433,0.17742478851630125,0.19333333333333333,0.04402777777777778,0.19333333333333333,True,3.82,True,calibrated,3.82
0.0,combined,weak,205,0.019166666666666665,0.37681159420289856,-0.08852622290250019,0.07462686567164178,0.19772884756732453,0.205,0.04194444444444445,0.205,True,3.82,True,calibrated,3.82
0.0,combined,weak,206,0.022083333333333333,0.3584905660377358,-0.13692915671590644,0.05333333333333334,0.19819756408205189,0.21270833333333333,0.04611111111111111,0.21270833333333333,True,3.82,True,calibrated,3.82
0.0,combined,weak,207,0.017638888888888888,0.3937007874015748,-0.06553922432258281,0.034482758620689655,0.17974204750870354,0.19125,0.041944444444444444,0.19125,True,3.82,True,calibrated,3.82
0.0,combined,weak,208,0.01902777777777778,0.38686131386861317,-0.09122308617902315,0.152317880794702,0.17817112287525663,0.179375,0.041249999999999995,0.179375,True,3.82,True,calibrated,3.82
0.0,combined,medium,201,0.019583333333333335,0.3829787234042553,-0.14458060450910304,0.07482993197278912,0.2003161607909272,0.21958333333333332,0.04513888888888889,0.21958333333333332,True,3.82,True,calibrated,3.82
0.0,combined,medium,202,0.021388888888888888,0.44155844155844154,-0.09604308237179718,0.03496503496503497,0.19157573376168627,0.20916666666666667,0.04722222222222222,0.20916666666666667,True,3.82,True,calibrated,3.82
0.0,combined,medium,203,0.023194444444444445,0.47305389221556887,-0.1394190115729496,0.09302325581395349,0.21232886336925674,0.22708333333333333,0.04611111111111111,0.22708333333333333,True,3.82,True,calibrated,3.82
0.0,combined,medium,204,0.024305555555555556,0.4,-0.13584023780654583,0.12234042553191489,0.20100973578468403,0.21791666666666668,0.04791666666666667,0.21791666666666668,True,3.82,True,calibrated,3.82
0.0,combined,medium,205,0.019583333333333335,0.28368794326241137,-0.11650385390996952,0.10204081632653061,0.19663577386867268,0.20270833333333332,0.04527777777777778,0.20270833333333332,True,3.82,True,calibrated,3.82
0.0,combined,medium,206,0.023194444444444445,0.46706586826347307,-0.14578075416057226,0.03773584905660377,0.20849249703393796,0.220625,0.049999999999999996,0.220625,True,3.82,True,calibrated,3.82
0.0,combined,medium,207,0.02013888888888889,0.36551724137931035,-0.104979801808595,0.09333333333333334,0.1968318970728548,0.21104166666666666,0.04486111111111111,0.21104166666666666,True,3.82,True,calibrated,3.82
0.0,combined,medium,208,0.020694444444444446,0.3691275167785235,-0.09574227760366258,0.18292682926829268,0.18590035284556433,0.20979166666666665,0.045138888888888895,0.20979166666666665,True,3.82,True,calibrated,3.82
0.0,combined,strong,201,0.02486111111111111,0.44692737430167595,-0.14259660774655208,0.11538461538461539,0.22504663484303805,0.2520833333333333,0.04944444444444444,0.2520833333333333,True,3.82,True,calibrated,3.82
0.0,combined,strong,202,0.02375,0.5497076023391813,-0.1256017822073161,0.13636363636363635,0.21061393833778191,0.22395833333333334,0.05652777777777778,0.22395833333333334,True,3.82,True,calibrated,3.82
0.0,combined,strong,203,0.026111111111111113,0.425531914893617,-0.16938970485160412,0.13432835820895522,0.2285069718597191,0.240625,0.053888888888888896,0.240625,True,3.82,True,calibrated,3.82
0.0,combined,strong,204,0.02388888888888889,0.42441860465116277,-0.13860184104890652,0.10989010989010989,0.21635692082814592,0.23958333333333334,0.05375,0.23958333333333334,True,3.82,True,calibrated,3.82
0.0,combined,strong,205,0.02486111111111111,0.46368715083798884,-0.12270800251730936,0.09550561797752809,0.2150608456873121,0.231875,0.053888888888888896,0.231875,True,3.82,True,calibrated,3.82
0.0,combined,strong,206,0.03013888888888889,0.4930875576036866,-0.16571048195968094,0.14537444933920704,0.25408366594912823,0.29291666666666666,0.058888888888888886,0.29291666666666666,True,3.82,True,calibrated,3.82
0.0,combined,strong,207,0.020416666666666666,0.40816326530612246,-0.08181274716151216,0.1592356687898089,0.20830577373135523,0.21916666666666668,0.05125,0.21916666666666668,True,3.82,True,calibrated,3.82
0.0,combined,strong,208,0.02277777777777778,0.4878048780487805,-0.10233734348969206,0.16111111111111112,0.1935355632500562,0.21583333333333332,0.049861111111111106,0.21583333333333332,True,3.82,True,calibrated,3.82
2.0,baseline,weak,201,0.005833333333333334,0.14285714285714285,0.005935579695048638,0.0,0.1722561418696656,0.32145833333333335,0.03402777777777778,0.32145833333333335,True,3.598,True,calibrated,3.598
2.0,baseline,weak,202,0.005277777777777778,0.07894736842105263,-0.006488666815977398,0.0,0.17505288349786208,0.314375,0.03888888888888888,0.314375,True,3.598,True,calibrated,3.598
2.0,baseline,weak,203,0.005277777777777778,0.07894736842105263,0.0858526182475065,0.0,0.18240080697068184,0.3179166666666667,0.034999999999999996,0.3179166666666667,True,3.598,True,calibrated,3.598
2.0,baseline,weak,204,0.005138888888888889,0.02702702702702703,0.04723364294550166,0.0,0.17413869725309986,0.315,0.04041666666666666,0.315,True,3.598,True,calibrated,3.598
2.0,baseline,weak,205,0.006666666666666667,0.10416666666666667,0.012034690672344408,0.0,0.16727849726784205,0.3047916666666667,0.04097222222222223,0.3047916666666667,True,3.598,True,calibrated,3.598
2.0,baseline,weak,206,0.006666666666666667,0.10416666666666667,0.12367804544165839,0.0,0.16258446834829893,0.2810416666666667,0.042083333333333334,0.2810416666666667,True,3.598,True,calibrated,3.598
2.0,baseline,weak,207,0.004166666666666667,0.16666666666666666,0.015797273592746935,0.06666666666666667,0.17059799151354102,0.3258333333333333,0.035555555555555556,0.3258333333333333,True,3.598,True,calibrated,3.598
2.0,baseline,weak,208,0.0059722222222222225,0.09302325581395349,0.046370524449066135,0.0,0.17467236832842664,0.32354166666666667,0.04055555555555556,0.32354166666666667,True,3.598,True,calibrated,3.598
2.0,baseline,medium,201,0.004027777777777778,0.06896551724137931,0.03947023449642923,0.0,0.1771038593331608,0.336875,0.036944444444444446,0.336875,True,3.598,True,calibrated,3.598
2.0,baseline,medium,202,0.00625,0.3333333333333333,-0.01280596670888922,0.0,0.18335928575312843,0.33916666666666667,0.04055555555555555,0.33916666666666667,True,3.598,True,calibrated,3.598
2.0,baseline,medium,203,0.005833333333333334,0.11904761904761904,0.03035282766542623,0.0,0.19227358055643148,0.35104166666666664,0.041944444444444444,0.35104166666666664,True,3.598,True,calibrated,3.598
2.0,baseline,medium,204,0.0043055555555555555,0.0967741935483871,0.03586329740482232,0.0,0.17708256911454665,0.3279166666666667,0.03944444444444445,0.3279166666666667,True,3.598,True,calibrated,3.598
2.0,baseline,medium,205,0.006944444444444444,0.2,-0.012587529044711157,0.0,0.1822278003149395,0.3329166666666667,0.04041666666666666,0.3329166666666667,True,3.598,True,calibrated,3.598
2.0,baseline,medium,206,0.0044444444444444444,0.125,-0.013868910494093646,0.0,0.16564487686151474,0.30145833333333333,0.04,0.30145833333333333,True,3.598,True,calibrated,3.598
2.0,baseline,medium,207,0.0044444444444444444,0.03125,0.013793136861698356,0.0,0.18325057607144898,0.3325,0.03638888888888889,0.3325,True,3.598,True,calibrated,3.598
2.0,baseline,medium,208,0.006111111111111111,0.22727272727272727,0.05585547110034184,0.04878048780487805,0.1792820635568556,0.326875,0.04041666666666666,0.326875,True,3.598,True,calibrated,3.598
2.0,baseline,strong,201,0.0044444444444444444,0.15625,-0.013511702847575038,0.03333333333333333,0.1865289653480118,0.36020833333333335,0.03652777777777778,0.36020833333333335,True,3.598,True,calibrated,3.598
2.0,baseline,strong,202,0.004722222222222222,0.08823529411764706,-0.06581753048097767,0.0,0.1923501172087065,0.3435416666666667,0.042222222222222223,0.3435416666666667,True,3.598,True,calibrated,3.598
2.0,baseline,strong,203,0.0038888888888888888,0.10714285714285714,-0.0317729471967794,0.0,0.19523916704220554,0.360625,0.04083333333333333,0.360625,True,3.598,True,calibrated,3.598
2.0,baseline,strong,204,0.004027777777777778,0.10344827586206896,-0.0026303630829673,0.0,0.19127399692234912,0.3433333333333333,0.04319444444444445,0.3433333333333333,True,3.598,True,calibrated,3.598
2.0,baseline,strong,205,0.004027777777777778,0.10344827586206896,0.050094992449031144,0.0,0.1992529975742171,0.3597916666666667,0.04125000000000001,0.3597916666666667,True,3.598,True,calibrated,3.598
2.0,baseline,strong,206,0.004861111111111111,0.08571428571428572,0.0020768495579692697,0.0,0.19018457080406315,0.32875,0.043750000000000004,0.32875,True,3.598,True,calibrated,3.598
2.0,baseline,strong,207,0.006111111111111111,0.022727272727272728,0.02404891566458414,0.023809523809523808,0.1795015636163148,0.33458333333333334,0.04069444444444445,0.33458333333333334,True,3.598,True,calibrated,3.598
2.0,baseline,strong,208,0.004027777777777778,0.06896551724137931,0.02048978822495062,0.06896551724137931,0.18993737654476642,0.3541666666666667,0.03930555555555556,0.3541666666666667,True,3.598,True,calibrated,3.598
2.0,combined,weak,201,0.01972222222222222,0.4295774647887324,-0.06823145988218089,0.0364963503649635,0.19921098802076065,0.3525,0.04916666666666667,0.3525,True,3.598,True,calibrated,3.598
2.0,combined,weak,202,0.0225,0.38271604938271603,-0.0561844306830453,0.09815950920245399,0.2050626645225471,0.3589583333333333,0.04680555555555555,0.3589583333333333,True,3.598,True,calibrated,3.598
2.0,combined,weak,203,0.020277777777777777,0.3013698630136986,-0.013006319549413283,0.10738255033557047,0.19500287708004158,0.3325,0.04861111111111111,0.3325,True,3.598,True,calibrated,3.598
2.0,combined,weak,204,0.020416666666666666,0.40816326530612246,-0.06452744528061828,0.09210526315789473,0.19294168030183226,0.335,0.049861111111111106,0.335,True,3.598,True,calibrated,3.598
2.0,combined,weak,205,0.02125,0.47058823529411764,-0.07443074885379207,0.08053691275167785,0.19624618922948656,0.3435416666666667,0.04777777777777777,0.3435416666666667,True,3.598,True,calibrated,3.598
2.0,combined,weak,206,0.024444444444444446,0.4772727272727273,-0.10692925461772594,0.05813953488372093,0.22896866106791133,0.3797916666666667,0.051805555555555556,0.3797916666666667,True,3.598,True,calibrated,3.598
2.0,combined,weak,207,0.01888888888888889,0.3161764705882353,-0.01346691367136844,0.07352941176470588,0.18478651538674384,0.3335416666666667,0.044444444444444446,0.3335416666666667,True,3.598,True,calibrated,3.598
2.0,combined,weak,208,0.020416666666666666,0.3129251700680272,-0.04120762185933527,0.13664596273291926,0.1791691511375743,0.3275,0.04347222222222222,0.3275,True,3.598,True,calibrated,3.598
2.0,combined,medium,201,0.021805555555555557,0.36942675159235666,-0.07693918079735884,0.07236842105263158,0.21420843229832276,0.3722916666666667,0.04902777777777778,0.3722916666666667,True,3.598,True,calibrated,3.598
2.0,combined,medium,202,0.024305555555555556,0.5085714285714286,-0.10181883608785772,0.10555555555555556,0.22000733158844563,0.37,0.05027777777777778,0.37,True,3.598,True,calibrated,3.598
2.0,combined,medium,203,0.021944444444444444,0.43037974683544306,-0.11042586650374649,0.08176100628930817,0.21794173592019248,0.385,0.04777777777777778,0.385,True,3.598,True,calibrated,3.598
2.0,combined,medium,204,0.024444444444444446,0.4375,-0.0812252752330009,0.1276595744680851,0.20618447117472086,0.35583333333333333,0.051111111111111114,0.35583333333333333,True,3.598,True,calibrated,3.598
2.0,combined,medium,205,0.021666666666666667,0.4166666666666667,-0.10402814941545159,0.09316770186335403,0.20819247678068875,0.37875,0.04555555555555555,0.37875,True,3.598,True,calibrated,3.598
2.0,combined,medium,206,0.02277777777777778,0.3597560975609756,-0.11728892778707531,0.05806451612903226,0.22819125982013105,0.3825,0.05166666666666667,0.3825,True,3.598,True,calibrated,3.598
2.0,combined,medium,207,0.02125,0.37254901960784315,-0.06053075966884048,0.08974358974358974,0.20880927937754715,0.37895833333333334,0.04708333333333333,0.37895833333333334,True,3.598,True,calibrated,3.598
2.0,combined,medium,208,0.02,0.4097222222222222,-0.0635370317221672,0.1437908496732026,0.19846596943353484,0.3514583333333333,0.04472222222222222,0.3514583333333333,True,3.598,True,calibrated,3.598
2.0,combined,strong,201,0.018472222222222223,0.38345864661654133,-0.0763121899667636,0.07352941176470588,0.20980432546857006,0.39729166666666665,0.04569444444444445,0.39729166666666665,True,3.598,True,calibrated,3.598
2.0,combined,strong,202,0.02361111111111111,0.5,-0.14072469304501767,0.1443850267379679,0.23649516737373735,0.4170833333333333,0.04847222222222222,0.4170833333333333,True,3.598,True,calibrated,3.598
2.0,combined,strong,203,0.024444444444444446,0.4659090909090909,-0.09731932235577566,0.08187134502923976,0.21863685319996648,0.400625,0.05430555555555555,0.400625,True,3.598,True,calibrated,3.598
2.0,combined,strong,204,0.024027777777777776,0.4277456647398844,-0.10024972148175808,0.14871794871794872,0.22049579396147237,0.399375,0.051805555555555556,0.399375,True,3.598,True,calibrated,3.598
2.0,combined,strong,205,0.024583333333333332,0.4689265536723164,-0.12751704125997135,0.125,0.22687688478478302,0.39791666666666664,0.047499999999999994,0.39791666666666664,True,3.598,True,calibrated,3.598
2.0,combined,strong,206,0.02625,0.4444444444444444,-0.14235844243226276,0.1076923076923077,0.24108652518647541,0.39458333333333334,0.05305555555555556,0.39458333333333334,True,3.598,True,calibrated,3.598
2.0,combined,strong,207,0.02013888888888889,0.32413793103448274,-0.08535192851763075,0.06474820143884892,0.21396402993191196,0.399375,0.046111111111111124,0.399375,True,3.598,True,calibrated,3.598
2.0,combined,strong,208,0.02361111111111111,0.4411764705882353,-0.09745959786054662,0.18226600985221675,0.21001880906150908,0.37333333333333335,0.05138888888888888,0.37333333333333335,True,3.598,True,calibrated,3.598
5.0,baseline,weak,201,0.005,0.1388888888888889,0.08901335912301249,0.0,0.16836796031900084,0.475625,0.04041666666666668,0.475625,True,3.3125,True,calibrated,3.3125
5.0,baseline,weak,202,0.005138888888888889,0.10810810810810811,0.023569742034929002,0.0,0.17609738380198403,0.504375,0.04138888888888889,0.504375,True,3.3125,True,calibrated,3.3125
5.0,baseline,weak,203,0.005,0.25,0.14710484758132628,0.0,0.18118448328402953,0.4795833333333333,0.043750000000000004,0.4795833333333333,True,3.3125,True,calibrated,3.3125
5.0,baseline,weak,204,0.00625,0.17777777777777778,0.03867878421616591,0.025,0.1712472390969027,0.4845833333333333,0.043472222222222225,0.4845833333333333,True,3.3125,True,calibrated,3.3125
5.0,baseline,weak,205,0.006111111111111111,0.18181818181818182,0.056786623869636906,0.0,0.18029454162481218,0.488125,0.045000000000000005,0.488125,True,3.3125,True,calibrated,3.3125
5.0,baseline,weak,206,0.004583333333333333,0.030303030303030304,0.06906516078942465,0.0,0.16776049355151806,0.4533333333333333,0.04791666666666667,0.4533333333333333,True,3.3125,True,calibrated,3.3125
5.0,baseline,weak,207,0.004861111111111111,0.17142857142857143,0.03614406764895305,0.0,0.1686767763451734,0.5091666666666667,0.042361111111111106,0.5091666666666667,True,3.3125,True,calibrated,3.3125
5.0,baseline,weak,208,0.00375,0.14814814814814814,0.22050795356879524,0.0,0.17050974495199428,0.495,0.041111111111111105,0.495,True,3.3125,True,calibrated,3.3125
5.0,baseline,medium,201,0.0043055555555555555,0.0967741935483871,0.030649285159067462,0.0,0.18185089122030523,0.524375,0.034583333333333334,0.524375,True,3.3125,True,calibrated,3.3125
5.0,baseline,medium,202,0.005833333333333334,0.19047619047619047,0.08306497804395355,0.025,0.17722777681565507,0.5364583333333334,0.03944444444444445,0.5364583333333334,True,3.3125,True,calibrated,3.3125
5.0,baseline,medium,203,0.005277777777777778,0.13157894736842105,0.09565565075126892,0.0,0.18599430489141033,0.5345833333333333,0.039166666666666676,0.5345833333333333,True,3.3125,True,calibrated,3.3125
5.0,baseline,medium,204,0.005138888888888889,0.05405405405405406,0.08301320301286778,0.02857142857142857,0.1788526469827363,0.51875,0.04013888888888889,0.51875,True,3.3125,True,calibrated,3.3125
5.0,baseline,medium,205,0.005555555555555556,0.2,0.02442623978201703,0.02857142857142857,0.19755417725704974,0.521875,0.04041666666666666,0.521875,True,3.3125,True,calibrated,3.3125
5.0,baseline,medium,206,0.004722222222222222,0.058823529411764705,0.028831613356761845,0.0,0.17894276005132984,0.5177083333333333,0.04194444444444445,0.5177083333333333,True,3.3125,True,calibrated,3.3125
5.0,baseline,medium,207,0.004861111111111111,0.17142857142857143,-0.020702957118293324,0.029411764705882353,0.19185525097824552,0.54375,0.034027777777777775,0.54375,True,3.3125,True,calibrated,3.3125
5.0,baseline,medium,208,0.005833333333333334,0.11904761904761904,0.08194714632033613,0.0,0.17719805023472257,0.49833333333333335,0.03777777777777778,0.49833333333333335,True,3.3125,True,calibrated,3.3125
5.0,baseline,strong,201,0.005694444444444445,0.17073170731707318,-0.09493436798761383,0.0,0.19637040955267343,0.5754166666666667,0.03791666666666666,0.5754166666666667,True,3.3125,True,calibrated,3.3125
5.0,baseline,strong,202,0.006805555555555555,0.12244897959183673,-0.009566339588409625,0.0,0.18931931951134143,0.5495833333333333,0.0375,0.5495833333333333,True,3.3125,True,calibrated,3.3125
5.0,baseline,strong,203,0.006527777777777778,0.1276595744680851,0.03715289411087716,0.06818181818181818,0.19641582472573296,0.556875,0.03861111111111111,0.556875,True,3.3125,True,calibrated,3.3125
5.0,baseline,strong,204,0.006111111111111111,0.13636363636363635,0.010328489117720725,0.0,0.17876596926867763,0.556875,0.03805555555555556,0.556875,True,3.3125,True,calibrated,3.3125
5.0,baseline,strong,205,0.006666666666666667,0.14583333333333334,-0.08581291287151784,0.0,0.21372051973513667,0.575625,0.04055555555555556,0.575625,True,3.3125,True,calibrated,3.3125
5.0,baseline,strong,206,0.006805555555555555,0.3877551020408163,-0.0020886060832379016,0.044444444444444446,0.17987354467697594,0.515,0.04291666666666668,0.515,True,3.3125,True,calibrated,3.3125
5.0,baseline,strong,207,0.004027777777777778,0.13793103448275862,0.016156431176727486,0.0,0.17786595769873786,0.5533333333333333,0.031111111111111114,0.5533333333333333,True,3.3125,True,calibrated,3.3125
5.0,baseline,strong,208,0.005416666666666667,0.23076923076923078,0.04556459910717714,0.0975609756097561,0.20428299439618308,0.5733333333333334,0.03972222222222222,0.5733333333333334,True,3.3125,True,calibrated,3.3125
5.0,combined,weak,201,0.022222222222222223,0.375,0.012550129709322353,0.11560693641618497,0.21394278336103792,0.52125,0.050277777777777775,0.52125,True,3.3125,True,calibrated,3.3125
5.0,combined,weak,202,0.02361111111111111,0.4411764705882353,0.0001700473433967306,0.07317073170731707,0.20992140763732411,0.5220833333333333,0.05472222222222223,0.5220833333333333,True,3.3125,True,calibrated,3.3125
5.0,combined,weak,203,0.025555555555555557,0.4673913043478261,0.019008905458271136,0.125,0.2130086471816427,0.4816666666666667,0.05805555555555556,0.4816666666666667,True,3.3125,True,calibrated,3.3125
5.0,combined,weak,204,0.022222222222222223,0.4,-0.002001212381147345,0.10778443113772455,0.21315876521249413,0.5177083333333333,0.05250000000000001,0.5177083333333333,True,3.3125,True,calibrated,3.3125
5.0,combined,weak,205,0.024305555555555556,0.45714285714285713,0.008352319967645228,0.11538461538461539,0.20925609709468979,0.5222916666666667,0.05125000000000001,0.5222916666666667,True,3.3125,True,calibrated,3.3125
5.0,combined,weak,206,0.024027777777777776,0.3815028901734104,0.0131997711947498,0.10614525139664804,0.2090759953506219,0.5104166666666666,0.05333333333333332,0.5104166666666666,True,3.3125,True,calibrated,3.3125
5.0,combined,weak,207,0.02277777777777778,0.40853658536585363,0.0012165041286839474,0.11764705882352941,0.2034444469908825,0.5058333333333334,0.05194444444444444,0.5058333333333334,True,3.3125,True,calibrated,3.3125
5.0,combined,weak,208,0.019305555555555555,0.3381294964028777,0.05293181929642926,0.16993464052287582,0.1863142687588914,0.5075,0.050416666666666665,0.5075,True,3.3125,True,calibrated,3.3125
5.0,combined,medium,201,0.02277777777777778,0.36585365853658536,-0.03213823778166331,0.10982658959537572,0.2093321450936492,0.5520833333333334,0.04583333333333333,0.5520833333333334,True,3.3125,True,calibrated,3.3125
5.0,combined,medium,202,0.023194444444444445,0.437125748502994,-0.04539864374362881,0.10285714285714286,0.21383058049658066,0.5625,0.04777777777777778,0.5625,True,3.3125,True,calibrated,3.3125
5.0,combined,medium,203,0.024027777777777776,0.5317919075144508,-0.0491160762161513,0.09714285714285714,0.2273776056018927,0.5604166666666667,0.05277777777777778,0.5604166666666667,True,3.3125,True,calibrated,3.3125
5.0,combined,medium,204,0.024444444444444446,0.4602272727272727,-0.00928659292319635,0.15789473684210525,0.2074426760704828,0.5552083333333333,0.04833333333333333,0.5552083333333333,True,3.3125,True,calibrated,3.3125
5.0,combined,medium,205,0.02263888888888889,0.4233128834355828,-0.06066629147542284,0.18421052631578946,0.22846835812294303,0.6,0.04527777777777778,0.6,True,3.3125,True,calibrated,3.3125
5.0,combined,medium,206,0.024166666666666666,0.40229885057471265,-0.02443140310326408,0.09142857142857143,0.2278671925840653,0.5452083333333333,0.053611111111111116,0.5452083333333333,True,3.3125,True,calibrated,3.3125
5.0,combined,medium,207,0.019583333333333335,0.36879432624113473,-0.07116717280980706,0.10884353741496598,0.20490469061809974,0.5685416666666666,0.04583333333333333,0.5685416666666666,True,3.3125,True,calibrated,3.3125
5.0,combined,medium,208,0.020416666666666666,0.43537414965986393,-0.017399033990226527,0.06802721088435375,0.19981789374602055,0.5225,0.04722222222222223,0.5225,True,3.3125,True,calibrated,3.3125
5.0,combined,strong,201,0.0225,0.49382716049382713,-0.09634328078105023,0.12280701754385964,0.2320698845940107,0.60375,0.04208333333333333,0.60375,True,3.3125,True,calibrated,3.3125
5.0,combined,strong,202,0.022916666666666665,0.509090909090909,-0.10634221763221978,0.08823529411764706,0.22535510344561932,0.5889583333333334,0.04763888888888889,0.5889583333333334,True,3.3125,True,calibrated,3.3125
5.0,combined,strong,203,0.024583333333333332,0.5536723163841808,-0.07353488688356767,0.14583333333333334,0.2303675380692803,0.5954166666666667,0.050555555555555555,0.5954166666666667,True,3.3125,True,calibrated,3.3125
5.0,combined,strong,204,0.021527777777777778,0.5096774193548387,-0.06995188705366101,0.10559006211180125,0.2118210743088269,0.60375,0.04416666666666667,0.60375,True,3.3125,True,calibrated,3.3125
5.0,combined,strong,205,0.0225,0.41975308641975306,-0.0577175492223953,0.16022099447513813,0.23118521904915643,0.6172916666666667,0.04402777777777778,0.6172916666666667,True,3.3125,True,calibrated,3.3125
5.0,combined,strong,206,0.02666666666666667,0.4895833333333333,-0.10131918455285736,0.09644670050761421,0.2522213459495752,0.6152083333333334,0.04833333333333333,0.6152083333333334,True,3.3125,True,calibrated,3.3125
5.0,combined,strong,207,0.020555555555555556,0.4527027027027027,-0.06797461423978587,0.1497005988023952,0.2170597983603022,0.6027083333333333,0.04194444444444445,0.6027083333333333,True,3.3125,True,calibrated,3.3125
5.0,combined,strong,208,0.019444444444444445,0.5214285714285715,-0.06630125524168753,0.1437908496732026,0.1965287638874004,0.561875,0.03944444444444445,0.561875,True,3.3125,True,calibrated,3.3125
10.0,baseline,weak,201,0.007083333333333333,0.1568627450980392,0.22857896961222485,0.0,0.17395374197599436,0.5835416666666666,0.04930555555555557,0.5835416666666666,True,3.0678,False,calibrated,3.0678
10.0,baseline,weak,202,0.006666666666666667,0.125,0.25711840146331116,0.022222222222222223,0.17233279534110527,0.5633333333333334,0.052083333333333336,0.5633333333333334,True,3.0678,False,calibrated,3.0678
10.0,baseline,weak,203,0.008055555555555555,0.22413793103448276,0.22975696216438232,0.037037037037037035,0.17042896145905176,0.580625,0.051527777777777777,0.580625,True,3.0678,False,calibrated,3.0678
10.0,baseline,weak,204,0.00625,0.15555555555555556,0.13285433144270908,0.0,0.17729967284388934,0.60625,0.05166666666666667,0.60625,True,3.0678,False,calibrated,3.0678
10.0,baseline,weak,205,0.008472222222222223,0.19672131147540983,0.11441744184356686,0.0,0.17720405871487316,0.5810416666666667,0.055833333333333325,0.5810416666666667,True,3.0678,False,calibrated,3.0678
10.0,baseline,weak,206,0.005555555555555556,0.05,0.18892025214183805,0.0,0.16238756235925408,0.5641666666666667,0.05180555555555555,0.5641666666666667,True,3.0678,False,calibrated,3.0678
10.0,baseline,weak,207,0.006805555555555555,0.08163265306122448,0.10495673296583802,0.021739130434782608,0.17374215103298216,0.616875,0.04402777777777778,0.616875,True,3.0678,False,calibrated,3.0678
10.0,baseline,weak,208,0.00625,0.13333333333333333,0.13890701197999705,0.0,0.16692860419674246,0.594375,0.051388888888888894,0.594375,True,3.0678,False,calibrated,3.0678
10.0,baseline,medium,201,0.0059722222222222225,0.23255813953488372,0.15403984303150536,0.0,0.1693735046036519,0.673125,0.035694444444444445,0.673125,True,3.0678,False,calibrated,3.0678
10.0,baseline,medium,202,0.005833333333333334,0.19047619047619047,0.184087487934496,0.0,0.17630763873009825,0.6520833333333333,0.04027777777777778,0.6520833333333333,True,3.0678,False,calibrated,3.0678
10.0,baseline,medium,203,0.006944444444444444,0.2,0.10520069781542883,0.0,0.1796192469833624,0.6620833333333334,0.03791666666666667,0.6620833333333334,True,3.0678,False,calibrated,3.0678
10.0,baseline,medium,204,0.0038888888888888888,0.03571428571428571,0.17329335617331829,0.0,0.17576027371503483,0.6585416666666667,0.03888888888888889,0.6585416666666667,True,3.0678,False,calibrated,3.0678
10.0,baseline,medium,205,0.007222222222222222,0.19230769230769232,0.08653741838527762,0.0425531914893617,0.17516923927767677,0.6975,0.03847222222222222,0.6975,True,3.0678,False,calibrated,3.0678
10.0,baseline,medium,206,0.005555555555555556,0.25,0.08381434393964413,0.0,0.1780344399330151,0.6572916666666667,0.043888888888888894,0.6572916666666667,True,3.0678,False,calibrated,3.0678
10.0,baseline,medium,207,0.0059722222222222225,0.13953488372093023,0.07858808210110432,0.025,0.18040883302791857,0.675625,0.03986111111111111,0.675625,True,3.0678,False,calibrated,3.0678
10.0,baseline,medium,208,0.004722222222222222,0.14705882352941177,0.07025878763989268,0.029411764705882353,0.17384229992634712,0.6510416666666666,0.04013888888888889,0.6510416666666666,True,3.0678,False,calibrated,3.0678
10.0,baseline,strong,201,0.004722222222222222,0.11764705882352941,0.02409723367347612,0.0,0.1731699313232049,0.6997916666666667,0.02861111111111111,0.6997916666666667,True,3.0678,False,calibrated,3.0678
10.0,baseline,strong,202,0.00625,0.3111111111111111,0.04707960715379304,0.02631578947368421,0.17636596963734716,0.71625,0.031111111111111117,0.71625,True,3.0678,False,calibrated,3.0678
10.0,baseline,strong,203,0.006388888888888889,0.10869565217391304,0.04931634939251146,0.0,0.17998964403862416,0.7066666666666667,0.03222222222222223,0.7066666666666667,True,3.0678,False,calibrated,3.0678
10.0,baseline,strong,204,0.0044444444444444444,0.09375,0.12511796101560552,0.0,0.17870271628737555,0.71125,0.03180555555555556,0.71125,True,3.0678,False,calibrated,3.0678
10.0,baseline,strong,205,0.0033333333333333335,0.16666666666666666,0.26503465404483656,0.043478260869565216,0.18393867146299533,0.7027083333333334,0.03166666666666667,0.7027083333333334,True,3.0678,False,calibrated,3.0678
10.0,baseline,strong,206,0.005138888888888889,0.02702702702702703,0.06659594575568754,0.0,0.1814959083833786,0.6879166666666666,0.03944444444444444,0.6879166666666666,True,3.0678,False,calibrated,3.0678
10.0,baseline,strong,207,0.005138888888888889,0.21621621621621623,0.11266698293322558,0.0,0.17889489284396493,0.6920833333333334,0.03125,0.6920833333333334,True,3.0678,False,calibrated,3.0678
10.0,baseline,strong,208,0.004722222222222222,0.2647058823529412,-0.033578972237101365,0.0,0.18803943724901814,0.708125,0.03319444444444444,0.708125,True,3.0678,False,calibrated,3.0678
10.0,combined,weak,201,0.021666666666666667,0.4166666666666667,0.11359494868388258,0.14942528735632185,0.20393369026434788,0.6120833333333333,0.05236111111111111,0.6120833333333333,True,3.0678,False,calibrated,3.0678
10.0,combined,weak,202,0.025833333333333333,0.478494623655914,0.058608097487990334,0.11458333333333333,0.21850342827920183,0.6185416666666667,0.05319444444444444,0.6185416666666667,True,3.0678,False,calibrated,3.0678
10.0,combined,weak,203,0.02347222222222222,0.47337278106508873,0.09005085745750438,0.07514450867052024,0.20853152803586517,0.6110416666666667,0.05833333333333334,0.6110416666666667,True,3.0678,False,calibrated,3.0678
10.0,combined,weak,204,0.025555555555555557,0.4076086956521739,0.09283451727083382,0.11170212765957446,0.1956179889235087,0.5877083333333334,0.05805555555555556,0.5877083333333334,True,3.0678,False,calibrated,3.0678
10.0,combined,weak,205,0.02763888888888889,0.46733668341708545,0.048462833794825126,0.18433179723502305,0.22338619660755019,0.6079166666666667,0.057916666666666665,0.6079166666666667,True,3.0678,False,calibrated,3.0678
10.0,combined,weak,206,0.027777777777777776,0.515,0.04202716955817315,0.08854166666666667,0.21896374796379992,0.5989583333333334,0.06083333333333333,0.5989583333333334,True,3.0678,False,calibrated,3.0678
10.0,combined,weak,207,0.025416666666666667,0.44808743169398907,0.10284702416764739,0.15789473684210525,0.20759026216443008,0.579375,0.05652777777777778,0.579375,True,3.0678,False,calibrated,3.0678
10.0,combined,weak,208,0.023194444444444445,0.40718562874251496,0.10349687202160587,0.19576719576719576,0.1930222771028892,0.6083333333333333,0.056944444444444436,0.6083333333333333,True,3.0678,False,calibrated,3.0678
10.0,combined,medium,201,0.019583333333333335,0.3617021276595745,0.05278516145391209,0.11409395973154363,0.2079075391741398,0.655625,0.04583333333333333,0.655625,True,3.0678,False,calibrated,3.0678
10.0,combined,medium,202,0.021944444444444444,0.4873417721518987,0.06262492793190214,0.15476190476190477,0.21831385252474908,0.660625,0.044444444444444446,0.660625,True,3.0678,False,calibrated,3.0678
10.0,combined,medium,203,0.02388888888888889,0.4186046511627907,0.018868696424598277,0.11049723756906077,0.22428949432921969,0.6383333333333333,0.053611111111111116,0.6383333333333333,True,3.0678,False,calibrated,3.0678
10.0,combined,medium,204,0.02361111111111111,0.5352941176470588,0.056475478693239045,0.12290502793296089,0.21058225755483795,0.6752083333333333,0.0476388888888889,0.6752083333333333,True,3.0678,False,calibrated,3.0678
10.0,combined,medium,205,0.024027777777777776,0.4508670520231214,-0.0005273036052915104,0.0847457627118644,0.22836562811011057,0.683125,0.04777777777777778,0.683125,True,3.0678,False,calibrated,3.0678
10.0,combined,medium,206,0.02652777777777778,0.5130890052356021,0.024383767253561946,0.06382978723404255,0.24651358931809966,0.6733333333333333,0.049999999999999996,0.6733333333333333,True,3.0678,False,calibrated,3.0678
10.0,combined,medium,207,0.019166666666666665,0.38405797101449274,0.08557060671551495,0.09722222222222222,0.19239840554311882,0.6660416666666666,0.042083333333333334,0.6660416666666666,True,3.0678,False,calibrated,3.0678
10.0,combined,medium,208,0.02361111111111111,0.4470588235294118,0.08335096061079653,0.17989417989417988,0.20319372759418844,0.6575,0.04722222222222222,0.6575,True,3.0678,False,calibrated,3.0678
10.0,combined,strong,201,0.01861111111111111,0.44776119402985076,-0.030309396759011387,0.07462686567164178,0.21974689016203877,0.7291666666666666,0.03819444444444445,0.7291666666666666,True,3.0678,False,calibrated,3.0678
10.0,combined,strong,202,0.02347222222222222,0.5976331360946746,-0.04368885032503719,0.07272727272727272,0.21604511225339953,0.7279166666666667,0.043194444444444445,0.7279166666666667,True,3.0678,False,calibrated,3.0678
10.0,combined,strong,203,0.02125,0.49019607843137253,-0.03239624931898168,0.07947019867549669,0.2244789139550517,0.72875,0.04666666666666666,0.72875,True,3.0678,False,calibrated,3.0678
10.0,combined,strong,204,0.020277777777777777,0.5136986301369864,0.017306897396778813,0.10191082802547771,0.20722834876303053,0.715625,0.04041666666666666,0.715625,True,3.0678,False,calibrated,3.0678
10.0,combined,strong,205,0.02125,0.5424836601307189,-0.016178922255364662,0.06,0.21939900880057303,0.7277083333333333,0.04041666666666667,0.7277083333333333,True,3.0678,False,calibrated,3.0678
10.0,combined,strong,206,0.020555555555555556,0.5135135135135135,-0.003684254981950889,0.09803921568627451,0.2170723408134495,0.7329166666666667,0.04416666666666667,0.7329166666666667,True,3.0678,False,calibrated,3.0678
10.0,combined,strong,207,0.01972222222222222,0.49295774647887325,0.026420846126824774,0.06428571428571428,0.20872283408610579,0.7164583333333333,0.04138888888888889,0.7164583333333333,True,3.0678,False,calibrated,3.0678
10.0,combined,strong,208,0.020694444444444446,0.48322147651006714,0.02023413686915986,0.147239263803681,0.19711367731638793,0.6833333333333333,0.03916666666666667,0.6833333333333333,True,3.0678,False,calibrated,3.0678
