capacity_mode,external_rate,design,policy,intensity,interaction,seed,target_inflow_rate,target_external_inflow_rate,target_total_inflow_rate,chain_share,housing_rejection,external_share_system,move_rate,parameter_profile,beta_current_state_used
shared,0.094,cross,baseline,1.0,weak,201,0.0043055555555555555,0.00875,0.013055555555555556,0.06451612903225806,0.13592233009708737,0.6447552447552447,0.03527777777777778,calibrated,3.82
shared,0.094,cross,baseline,1.0,weak,202,0.005,0.007222222222222222,0.012222222222222223,0.08333333333333333,0.19047619047619047,0.6276150627615062,0.03708333333333333,calibrated,3.82
shared,0.094,cross,baseline,1.0,weak,203,0.004027777777777778,0.01,0.014027777777777778,0.2413793103448276,0.125,0.6604774535809018,0.035555555555555556,calibrated,3.82
shared,0.094,cross,baseline,1.0,weak,204,0.004722222222222222,0.008611111111111111,0.013333333333333334,0.35294117647058826,0.18421052631578946,0.6523489932885906,0.035972222222222225,calibrated,3.82
shared,0.094,cross,baseline,1.0,weak,205,0.0059722222222222225,0.010416666666666666,0.01638888888888889,0.06976744186046512,0.15789473684210525,0.6385542168674698,0.0375,calibrated,3.82
shared,0.094,cross,baseline,1.0,weak,206,0.0038888888888888888,0.008888888888888889,0.012777777777777779,0.03571428571428571,0.1188118811881188,0.6162162162162163,0.03944444444444444,calibrated,3.82
shared,0.094,cross,baseline,1.0,weak,207,0.004166666666666667,0.009166666666666667,0.013333333333333334,0.1,0.15178571428571427,0.6567967698519516,0.035416666666666666,calibrated,3.82
shared,0.094,cross,baseline,1.0,weak,208,0.005277777777777778,0.009027777777777777,0.014305555555555556,0.07894736842105263,0.18333333333333332,0.6490765171503958,0.03694444444444444,calibrated,3.82
shared,0.094,cross,baseline,1.0,medium,201,0.004861111111111111,0.008055555555555555,0.012916666666666667,0.17142857142857143,0.17272727272727273,0.6317204301075269,0.03805555555555556,calibrated,3.82
shared,0.094,cross,baseline,1.0,medium,202,0.005,0.007361111111111111,0.012361111111111111,0.1111111111111111,0.18446601941747573,0.5867549668874172,0.043333333333333335,calibrated,3.82
shared,0.094,cross,baseline,1.0,medium,203,0.0044444444444444444,0.009722222222222222,0.014166666666666666,0.0625,0.13793103448275862,0.6320630749014454,0.03888888888888889,calibrated,3.82
shared,0.094,cross,baseline,1.0,medium,204,0.005833333333333334,0.009305555555555555,0.01513888888888889,0.19047619047619047,0.12605042016806722,0.6010165184243964,0.04361111111111111,calibrated,3.82
shared,0.094,cross,baseline,1.0,medium,205,0.005555555555555556,0.009583333333333333,0.01513888888888889,0.15,0.21052631578947367,0.6053639846743295,0.042916666666666665,calibrated,3.82
shared,0.094,cross,baseline,1.0,medium,206,0.005,0.008055555555555555,0.013055555555555556,0.1111111111111111,0.1574074074074074,0.6178010471204188,0.04055555555555556,calibrated,3.82
shared,0.094,cross,baseline,1.0,medium,207,0.005416666666666667,0.007222222222222222,0.012638888888888889,0.1794871794871795,0.2764227642276423,0.62982689747004,0.0386111111111111,calibrated,3.82
shared,0.094,cross,baseline,1.0,medium,208,0.003472222222222222,0.009305555555555555,0.012777777777777779,0.2,0.19090909090909092,0.6557591623036649,0.03652777777777778,calibrated,3.82
shared,0.094,cross,baseline,1.0,strong,201,0.0038888888888888888,0.009305555555555555,0.013194444444444444,0.14285714285714285,0.09090909090909091,0.598951507208388,0.0425,calibrated,3.82
shared,0.094,cross,baseline,1.0,strong,202,0.005833333333333334,0.005277777777777778,0.011111111111111112,0.09523809523809523,0.3119266055045872,0.5769728331177232,0.04541666666666666,calibrated,3.82
shared,0.094,cross,baseline,1.0,strong,203,0.004861111111111111,0.009722222222222222,0.014583333333333334,0.05714285714285714,0.1282051282051282,0.5880893300248139,0.04611111111111111,calibrated,3.82
shared,0.094,cross,baseline,1.0,strong,204,0.005555555555555556,0.008888888888888889,0.014444444444444444,0.175,0.1487603305785124,0.6015523932729625,0.042777777777777776,calibrated,3.82
shared,0.094,cross,baseline,1.0,strong,205,0.006666666666666667,0.00875,0.015416666666666667,0.14583333333333334,0.2553191489361702,0.5733662145499383,0.04805555555555555,calibrated,3.82
shared,0.094,cross,baseline,1.0,strong,206,0.0075,0.007222222222222222,0.014722222222222222,0.1111111111111111,0.18181818181818182,0.58,0.04666666666666667,calibrated,3.82
shared,0.094,cross,baseline,1.0,strong,207,0.004722222222222222,0.008611111111111111,0.013333333333333334,0.23529411764705882,0.17857142857142858,0.6262626262626263,0.041111111111111105,calibrated,3.82
shared,0.094,cross,baseline,1.0,strong,208,0.006666666666666667,0.0077777777777777776,0.014444444444444444,0.22916666666666666,0.2230769230769231,0.599523241954708,0.04666666666666666,calibrated,3.82
shared,0.094,cross,housing,1.0,weak,201,0.008472222222222223,0.013888888888888888,0.02236111111111111,0.19672131147540983,0.21608040201005024,0.656121045392022,0.034722222222222224,calibrated,3.82
shared,0.094,cross,housing,1.0,weak,202,0.009027777777777777,0.013194444444444444,0.022222222222222223,0.18461538461538463,0.2608695652173913,0.6379310344827587,0.03791666666666667,calibrated,3.82
shared,0.094,cross,housing,1.0,weak,203,0.008055555555555555,0.014722222222222222,0.02277777777777778,0.29310344827586204,0.17857142857142858,0.6692810457516339,0.03513888888888889,calibrated,3.82
shared,0.094,cross,housing,1.0,weak,204,0.008194444444444445,0.014027777777777778,0.022222222222222223,0.2542372881355932,0.16842105263157894,0.6556543837357052,0.03763888888888889,calibrated,3.82
shared,0.094,cross,housing,1.0,weak,205,0.00986111111111111,0.015416666666666667,0.025277777777777777,0.23943661971830985,0.22026431718061673,0.6666666666666666,0.034999999999999996,calibrated,3.82
shared,0.094,cross,housing,1.0,weak,206,0.01125,0.011944444444444445,0.023194444444444445,0.25925925925925924,0.18686868686868688,0.6110429447852761,0.04402777777777778,calibrated,3.82
shared,0.094,cross,housing,1.0,weak,207,0.007638888888888889,0.014166666666666666,0.021805555555555557,0.2727272727272727,0.22613065326633167,0.6622516556291391,0.03541666666666667,calibrated,3.82
shared,0.094,cross,housing,1.0,weak,208,0.009722222222222222,0.011944444444444445,0.021666666666666667,0.2857142857142857,0.29439252336448596,0.6607369758576874,0.037083333333333336,calibrated,3.82
shared,0.094,cross,housing,1.0,medium,201,0.01125,0.011527777777777777,0.02277777777777778,0.1728395061728395,0.26976744186046514,0.6140808344198174,0.04111111111111112,calibrated,3.82
shared,0.094,cross,housing,1.0,medium,202,0.0077777777777777776,0.013194444444444444,0.020972222222222222,0.23214285714285715,0.24615384615384617,0.6464237516869096,0.036388888888888894,calibrated,3.82
shared,0.094,cross,housing,1.0,medium,203,0.01,0.014444444444444444,0.024444444444444446,0.2638888888888889,0.16826923076923078,0.6416772554002541,0.03916666666666666,calibrated,3.82
shared,0.094,cross,housing,1.0,medium,204,0.009027777777777777,0.013888888888888888,0.022916666666666665,0.24615384615384617,0.16145833333333334,0.6260869565217392,0.04180555555555556,calibrated,3.82
shared,0.094,cross,housing,1.0,medium,205,0.011111111111111112,0.014583333333333334,0.025694444444444443,0.275,0.24680851063829787,0.6308470290771175,0.04055555555555555,calibrated,3.82
shared,0.094,cross,housing,1.0,medium,206,0.011527777777777777,0.012361111111111111,0.02388888888888889,0.2289156626506024,0.16666666666666666,0.5864570737605804,0.047499999999999994,calibrated,3.82
shared,0.094,cross,housing,1.0,medium,207,0.009583333333333333,0.01375,0.023333333333333334,0.2898550724637681,0.23076923076923078,0.649616368286445,0.03805555555555556,calibrated,3.82
shared,0.094,cross,housing,1.0,medium,208,0.01138888888888889,0.011805555555555555,0.023194444444444445,0.25609756097560976,0.28699551569506726,0.6230492196878752,0.04361111111111112,calibrated,3.82
shared,0.094,cross,housing,1.0,strong,201,0.012222222222222223,0.01,0.022222222222222223,0.25,0.30180180180180183,0.581453634085213,0.046388888888888896,calibrated,3.82
shared,0.094,cross,housing,1.0,strong,202,0.012361111111111111,0.010833333333333334,0.023194444444444445,0.39325842696629215,0.27522935779816515,0.5821078431372549,0.04736111111111111,calibrated,3.82
shared,0.094,cross,housing,1.0,strong,203,0.0125,0.011944444444444445,0.024444444444444446,0.32222222222222224,0.23318385650224216,0.5763723150357996,0.049305555555555554,calibrated,3.82
shared,0.094,cross,housing,1.0,strong,204,0.0125,0.01138888888888889,0.02388888888888889,0.2222222222222222,0.23148148148148148,0.5970149253731343,0.045000000000000005,calibrated,3.82
shared,0.094,cross,housing,1.0,strong,205,0.01125,0.013194444444444444,0.024444444444444446,0.25925925925925924,0.27705627705627706,0.6104868913857678,0.043333333333333335,calibrated,3.82
shared,0.094,cross,housing,1.0,strong,206,0.014583333333333334,0.010555555555555556,0.025138888888888888,0.23809523809523808,0.2079646017699115,0.5849941383352872,0.049166666666666664,calibrated,3.82
shared,0.094,cross,housing,1.0,strong,207,0.00875,0.012638888888888889,0.021388888888888888,0.25396825396825395,0.26732673267326734,0.6066997518610422,0.04402777777777778,calibrated,3.82
shared,0.094,cross,housing,1.0,strong,208,0.009305555555555555,0.01138888888888889,0.020694444444444446,0.29850746268656714,0.3130841121495327,0.6105882352941177,0.04597222222222222,calibrated,3.82
shared,0.094,cross,employment,1.0,weak,201,0.009444444444444445,0.004027777777777778,0.013472222222222222,0.19117647058823528,0.5964912280701754,0.6322008862629247,0.03458333333333333,calibrated,3.82
shared,0.094,cross,employment,1.0,weak,202,0.009166666666666667,0.005694444444444445,0.014861111111111111,0.22727272727272727,0.5652173913043478,0.6107091172214182,0.037361111111111116,calibrated,3.82
shared,0.094,cross,employment,1.0,weak,203,0.010694444444444444,0.006666666666666667,0.017361111111111112,0.15584415584415584,0.4889867841409692,0.6162464985994398,0.03805555555555556,calibrated,3.82
shared,0.094,cross,employment,1.0,weak,204,0.010277777777777778,0.004027777777777778,0.014305555555555556,0.21621621621621623,0.5720720720720721,0.6055555555555555,0.03944444444444445,calibrated,3.82
shared,0.094,cross,employment,1.0,weak,205,0.010416666666666666,0.006388888888888889,0.016805555555555556,0.16,0.5428571428571428,0.606425702811245,0.04083333333333334,calibrated,3.82
shared,0.094,cross,employment,1.0,weak,206,0.010138888888888888,0.0059722222222222225,0.01611111111111111,0.1232876712328767,0.46919431279620855,0.6040268456375839,0.04097222222222222,calibrated,3.82
shared,0.094,cross,employment,1.0,weak,207,0.008611111111111111,0.005555555555555556,0.014166666666666666,0.20967741935483872,0.5714285714285714,0.642754662840746,0.034583333333333334,calibrated,3.82
shared,0.094,cross,employment,1.0,weak,208,0.008055555555555555,0.005,0.013055555555555556,0.22413793103448276,0.6088888888888889,0.6219178082191781,0.03833333333333333,calibrated,3.82
shared,0.094,cross,employment,1.0,medium,201,0.009583333333333333,0.0044444444444444444,0.014027777777777778,0.2753623188405797,0.5739910313901345,0.6162790697674418,0.036666666666666674,calibrated,3.82
shared,0.094,cross,employment,1.0,medium,202,0.008333333333333333,0.005277777777777778,0.01361111111111111,0.21666666666666667,0.5836909871244635,0.5948644793152639,0.03944444444444445,calibrated,3.82
shared,0.094,cross,employment,1.0,medium,203,0.009722222222222222,0.005555555555555556,0.015277777777777777,0.17142857142857143,0.53125,0.5945205479452055,0.04111111111111112,calibrated,3.82
shared,0.094,cross,employment,1.0,medium,204,0.010833333333333334,0.0033333333333333335,0.014166666666666666,0.2948717948717949,0.5707964601769911,0.5797101449275363,0.04430555555555556,calibrated,3.82
shared,0.094,cross,employment,1.0,medium,205,0.010972222222222222,0.004166666666666667,0.01513888888888889,0.24050632911392406,0.6075471698113207,0.5907230559345157,0.041666666666666664,calibrated,3.82
shared,0.094,cross,employment,1.0,medium,206,0.0125,0.004861111111111111,0.017361111111111112,0.25555555555555554,0.5,0.5717948717948718,0.04638888888888889,calibrated,3.82
shared,0.094,cross,employment,1.0,medium,207,0.008333333333333333,0.005416666666666667,0.01375,0.16666666666666666,0.5887445887445888,0.6108843537414966,0.03972222222222222,calibrated,3.82
shared,0.094,cross,employment,1.0,medium,208,0.00986111111111111,0.003611111111111111,0.013472222222222222,0.23943661971830985,0.6172839506172839,0.6109625668449198,0.04041666666666666,calibrated,3.82
shared,0.094,cross,employment,1.0,strong,201,0.009444444444444445,0.004861111111111111,0.014305555555555556,0.16176470588235295,0.5627705627705628,0.5732217573221757,0.04250000000000001,calibrated,3.82
shared,0.094,cross,employment,1.0,strong,202,0.010416666666666666,0.0033333333333333335,0.01375,0.13333333333333333,0.6209677419354839,0.5601659751037344,0.04416666666666667,calibrated,3.82
shared,0.094,cross,employment,1.0,strong,203,0.010277777777777778,0.004166666666666667,0.014444444444444444,0.20270270270270271,0.575107296137339,0.5931307793923382,0.042777777777777776,calibrated,3.82
shared,0.094,cross,employment,1.0,strong,204,0.011944444444444445,0.0025,0.014444444444444444,0.2441860465116279,0.6016597510373444,0.5523560209424084,0.047499999999999994,calibrated,3.82
shared,0.094,cross,employment,1.0,strong,205,0.012916666666666667,0.0043055555555555555,0.017222222222222222,0.26881720430107525,0.5793357933579336,0.5634715025906736,0.046805555555555566,calibrated,3.82
shared,0.094,cross,employment,1.0,strong,206,0.010416666666666666,0.006527777777777778,0.016944444444444446,0.21333333333333335,0.4470046082949309,0.5635220125786163,0.048194444444444436,calibrated,3.82
shared,0.094,cross,employment,1.0,strong,207,0.009583333333333333,0.0043055555555555555,0.013888888888888888,0.2608695652173913,0.6025641025641025,0.5940054495912807,0.041388888888888885,calibrated,3.82
shared,0.094,cross,employment,1.0,strong,208,0.010694444444444444,0.005,0.015694444444444445,0.19480519480519481,0.5634920634920635,0.586848635235732,0.046250000000000006,calibrated,3.82
shared,0.094,cross,combined,1.0,weak,201,0.017638888888888888,0.010694444444444444,0.028333333333333332,0.33858267716535434,0.465564738292011,0.5679012345679012,0.043750000000000004,calibrated,3.82
shared,0.094,cross,combined,1.0,weak,202,0.01875,0.01,0.02875,0.4,0.478494623655914,0.5658602150537635,0.04486111111111111,calibrated,3.82
shared,0.094,cross,combined,1.0,weak,203,0.01875,0.009305555555555555,0.028055555555555556,0.34074074074074073,0.506426735218509,0.5794392523364486,0.043750000000000004,calibrated,3.82
shared,0.094,cross,combined,1.0,weak,204,0.019583333333333335,0.0075,0.027083333333333334,0.41134751773049644,0.5244215938303342,0.5539083557951483,0.04597222222222222,calibrated,3.82
shared,0.094,cross,combined,1.0,weak,205,0.016527777777777777,0.011527777777777777,0.028055555555555556,0.3697478991596639,0.5038759689922481,0.6040540540540541,0.040694444444444436,calibrated,3.82
shared,0.094,cross,combined,1.0,weak,206,0.020277777777777777,0.010555555555555556,0.030833333333333334,0.4041095890410959,0.45454545454545453,0.552258064516129,0.048194444444444436,calibrated,3.82
shared,0.094,cross,combined,1.0,weak,207,0.017361111111111112,0.008611111111111111,0.025972222222222223,0.304,0.5424164524421594,0.5986301369863014,0.04069444444444444,calibrated,3.82
shared,0.094,cross,combined,1.0,weak,208,0.01625,0.00875,0.025,0.452991452991453,0.5629820051413882,0.6023778071334214,0.04180555555555556,calibrated,3.82
shared,0.094,cross,combined,1.0,medium,201,0.02013888888888889,0.006111111111111111,0.02625,0.35172413793103446,0.5297157622739018,0.546079779917469,0.04583333333333333,calibrated,3.82
shared,0.094,cross,combined,1.0,medium,202,0.01875,0.009027777777777777,0.027777777777777776,0.35555555555555557,0.5091383812010444,0.5631868131868132,0.04416666666666667,calibrated,3.82
shared,0.094,cross,combined,1.0,medium,203,0.02013888888888889,0.008611111111111111,0.02875,0.3448275862068966,0.5171568627450981,0.5572519083969466,0.04833333333333333,calibrated,3.82
shared,0.094,cross,combined,1.0,medium,204,0.021388888888888888,0.006944444444444444,0.028333333333333332,0.44155844155844154,0.5257985257985258,0.5411140583554377,0.04805555555555555,calibrated,3.82
shared,0.094,cross,combined,1.0,medium,205,0.020416666666666666,0.007916666666666667,0.028333333333333332,0.3401360544217687,0.5437352245862884,0.5516372795969773,0.04944444444444445,calibrated,3.82
shared,0.094,cross,combined,1.0,medium,206,0.0225,0.007916666666666667,0.030416666666666668,0.3888888888888889,0.48514851485148514,0.5342639593908629,0.050972222222222224,calibrated,3.82
shared,0.094,cross,combined,1.0,medium,207,0.01972222222222222,0.0075,0.02722222222222222,0.3732394366197183,0.5358024691358024,0.561662198391421,0.04541666666666667,calibrated,3.82
shared,0.094,cross,combined,1.0,medium,208,0.019583333333333335,0.008888888888888889,0.02847222222222222,0.3191489361702128,0.53125,0.5675,0.04805555555555555,calibrated,3.82
shared,0.094,cross,combined,1.0,strong,201,0.021527777777777778,0.005833333333333334,0.02736111111111111,0.3225806451612903,0.5221932114882507,0.5238095238095238,0.049999999999999996,calibrated,3.82
shared,0.094,cross,combined,1.0,strong,202,0.02236111111111111,0.005,0.02736111111111111,0.42857142857142855,0.559322033898305,0.508301404853129,0.05347222222222223,calibrated,3.82
shared,0.094,cross,combined,1.0,strong,203,0.023055555555555555,0.007083333333333333,0.03013888888888889,0.41566265060240964,0.518957345971564,0.5331695331695332,0.052777777777777785,calibrated,3.82
shared,0.094,cross,combined,1.0,strong,204,0.0225,0.004861111111111111,0.02736111111111111,0.4506172839506173,0.5630841121495327,0.5146124523506989,0.05305555555555556,calibrated,3.82
shared,0.094,cross,combined,1.0,strong,205,0.024166666666666666,0.005555555555555556,0.029722222222222223,0.40229885057471265,0.5480984340044742,0.5358024691358024,0.052222222222222225,calibrated,3.82
shared,0.094,cross,combined,1.0,strong,206,0.022916666666666665,0.005,0.027916666666666666,0.3878787878787879,0.5401459854014599,0.5019157088122606,0.05416666666666667,calibrated,3.82
shared,0.094,cross,combined,1.0,strong,207,0.021527777777777778,0.006527777777777778,0.028055555555555556,0.4258064516129032,0.5529411764705883,0.5430711610486891,0.05083333333333332,calibrated,3.82
shared,0.094,cross,combined,1.0,strong,208,0.01972222222222222,0.007222222222222222,0.026944444444444444,0.4084507042253521,0.5737704918032787,0.535077288941736,0.05430555555555556,calibrated,3.82
shared,0.094,sweep,combined,0.5,medium,301,0.00986111111111111,0.007083333333333333,0.016944444444444446,0.352112676056338,0.4528301886792453,0.6013513513513513,0.04097222222222222,calibrated,3.82
shared,0.094,sweep,combined,0.5,medium,302,0.012638888888888889,0.008888888888888889,0.021527777777777778,0.34065934065934067,0.3813559322033898,0.6195928753180662,0.041527777777777775,calibrated,3.82
shared,0.094,sweep,combined,0.5,medium,303,0.008888888888888889,0.009166666666666667,0.018055555555555554,0.3125,0.39705882352941174,0.6352288488210819,0.03652777777777778,calibrated,3.82
shared,0.094,sweep,combined,0.5,medium,304,0.01138888888888889,0.010555555555555556,0.021944444444444444,0.21951219512195122,0.29906542056074764,0.6080729166666666,0.04180555555555556,calibrated,3.82
shared,0.094,sweep,combined,0.5,medium,305,0.01,0.010277777777777778,0.020277777777777777,0.19444444444444445,0.3137254901960784,0.6107554417413572,0.042222222222222223,calibrated,3.82
shared,0.094,sweep,combined,0.5,medium,306,0.011944444444444445,0.009305555555555555,0.02125,0.2558139534883721,0.3705357142857143,0.6338028169014085,0.03972222222222222,calibrated,3.82
shared,0.094,sweep,combined,0.5,medium,307,0.009305555555555555,0.008194444444444445,0.0175,0.11940298507462686,0.359375,0.5949868073878628,0.04263888888888889,calibrated,3.82
shared,0.094,sweep,combined,0.5,medium,308,0.009027777777777777,0.008194444444444445,0.017222222222222222,0.3230769230769231,0.4068627450980392,0.6148648648648649,0.03958333333333333,calibrated,3.82
shared,0.094,sweep,combined,1.0,medium,301,0.01902777777777778,0.005416666666666667,0.024444444444444446,0.26277372262773724,0.5687830687830688,0.5315934065934066,0.047361111111111104,calibrated,3.82
shared,0.094,sweep,combined,1.0,medium,302,0.020416666666666666,0.008888888888888889,0.029305555555555557,0.4013605442176871,0.49622166246851385,0.5446540880503145,0.050277777777777775,calibrated,3.82
shared,0.094,sweep,combined,1.0,medium,303,0.018194444444444444,0.008472222222222223,0.02666666666666667,0.3053435114503817,0.5170603674540682,0.5701058201058201,0.04513888888888889,calibrated,3.82
shared,0.094,sweep,combined,1.0,medium,304,0.020694444444444446,0.011944444444444445,0.03263888888888889,0.348993288590604,0.4112903225806452,0.5907230559345157,0.041666666666666664,calibrated,3.82
shared,0.094,sweep,combined,1.0,medium,305,0.017777777777777778,0.008611111111111111,0.02638888888888889,0.28125,0.5146666666666667,0.5628205128205128,0.047361111111111104,calibrated,3.82
shared,0.094,sweep,combined,1.0,medium,306,0.018333333333333333,0.009722222222222222,0.028055555555555556,0.36363636363636365,0.5013054830287206,0.5650557620817844,0.048749999999999995,calibrated,3.82
shared,0.094,sweep,combined,1.0,medium,307,0.020694444444444446,0.006666666666666667,0.02736111111111111,0.40268456375838924,0.5520581113801453,0.5445026178010471,0.04833333333333333,calibrated,3.82
shared,0.094,sweep,combined,1.0,medium,308,0.01986111111111111,0.008472222222222223,0.028333333333333332,0.42657342657342656,0.5078125,0.5554089709762533,0.046805555555555566,calibrated,3.82
shared,0.094,sweep,combined,1.5,medium,301,0.03333333333333333,0.004027777777777778,0.03736111111111111,0.44583333333333336,0.616793893129771,0.41388888888888886,0.058611111111111114,calibrated,3.82
shared,0.094,sweep,combined,1.5,medium,302,0.03958333333333333,0.005555555555555556,0.04513888888888889,0.5964912280701754,0.5834482758620689,0.42233632862644416,0.0625,calibrated,3.82
shared,0.094,sweep,combined,1.5,medium,303,0.0375,0.005694444444444445,0.043194444444444445,0.6185185185185185,0.5778748180494906,0.44786096256684493,0.057361111111111106,calibrated,3.82
shared,0.094,sweep,combined,1.5,medium,304,0.03902777777777778,0.006666666666666667,0.04569444444444445,0.5622775800711743,0.5574963609898108,0.4226267880364109,0.06166666666666667,calibrated,3.82
shared,0.094,sweep,combined,1.5,medium,305,0.03611111111111111,0.006111111111111111,0.042222222222222223,0.5076923076923077,0.5985915492957746,0.4278145695364238,0.060000000000000005,calibrated,3.82
shared,0.094,sweep,combined,1.5,medium,306,0.035833333333333335,0.005694444444444445,0.041527777777777775,0.5503875968992248,0.6136986301369863,0.44689119170984454,0.059305555555555556,calibrated,3.82
shared,0.094,sweep,combined,1.5,medium,307,0.0325,0.007638888888888889,0.04013888888888889,0.5683760683760684,0.5967016491754122,0.4225721784776903,0.06111111111111111,calibrated,3.82
shared,0.094,sweep,combined,1.5,medium,308,0.034027777777777775,0.005555555555555556,0.03958333333333333,0.5591836734693878,0.5944700460829493,0.42441054091539526,0.057638888888888885,calibrated,3.82
shared,0.094,sweep,combined,2.0,medium,301,0.050138888888888886,0.0043055555555555555,0.05444444444444444,0.6565096952908587,0.6744394618834081,0.2972972972972973,0.06861111111111111,calibrated,3.82
shared,0.094,sweep,combined,2.0,medium,302,0.06097222222222222,0.004861111111111111,0.06583333333333333,0.7403189066059226,0.604129263913824,0.2997448979591837,0.07625,calibrated,3.82
shared,0.094,sweep,combined,2.0,medium,303,0.05319444444444445,0.006527777777777778,0.059722222222222225,0.6945169712793734,0.6123222748815166,0.32226832641770403,0.06805555555555555,calibrated,3.82
shared,0.094,sweep,combined,2.0,medium,304,0.059722222222222225,0.007222222222222222,0.06694444444444445,0.7302325581395349,0.5728971962616822,0.2862547288776797,0.07861111111111112,calibrated,3.82
shared,0.094,sweep,combined,2.0,medium,305,0.05569444444444444,0.006111111111111111,0.06180555555555556,0.6957605985037406,0.6151711378353376,0.29023746701846964,0.07472222222222223,calibrated,3.82
shared,0.094,sweep,combined,2.0,medium,306,0.05375,0.00625,0.06,0.648578811369509,0.643362831858407,0.30423280423280424,0.07305555555555555,calibrated,3.82
shared,0.094,sweep,combined,2.0,medium,307,0.055,0.00625,0.06125,0.6792929292929293,0.6385435168738899,0.2779291553133515,0.07361111111111111,calibrated,3.82
shared,0.094,sweep,combined,2.0,medium,308,0.0575,0.006805555555555555,0.06430555555555556,0.7367149758454107,0.5932521087160263,0.28741721854304636,0.07472222222222223,calibrated,3.82
shared,0.094,sweep,combined,2.5,medium,301,0.07472222222222222,0.005138888888888889,0.0798611111111111,0.8029739776951673,0.6529032258064517,0.18437900128040974,0.08847222222222223,calibrated,3.82
shared,0.094,sweep,combined,2.5,medium,302,0.08555555555555555,0.007916666666666667,0.09347222222222222,0.8376623376623377,0.6139162561576355,0.19775280898876405,0.09916666666666667,calibrated,3.82
shared,0.094,sweep,combined,2.5,medium,303,0.07847222222222222,0.008888888888888889,0.08736111111111111,0.8212389380530973,0.6235370611183355,0.20471464019851116,0.08902777777777778,calibrated,3.82
shared,0.094,sweep,combined,2.5,medium,304,0.0875,0.010972222222222222,0.09847222222222222,0.819047619047619,0.5687779910428663,0.1977401129943503,0.09861111111111111,calibrated,3.82
shared,0.094,sweep,combined,2.5,medium,305,0.07916666666666666,0.009305555555555555,0.08847222222222222,0.775438596491228,0.6082887700534759,0.19497607655502391,0.09347222222222222,calibrated,3.82
shared,0.094,sweep,combined,2.5,medium,306,0.08097222222222222,0.010555555555555556,0.09152777777777778,0.8319039451114922,0.61489898989899,0.20946745562130178,0.09277777777777779,calibrated,3.82
shared,0.094,sweep,combined,2.5,medium,307,0.07958333333333334,0.006388888888888889,0.08597222222222223,0.7958115183246073,0.6486817903126916,0.16308470290771176,0.09194444444444444,calibrated,3.82
shared,0.094,sweep,combined,2.5,medium,308,0.08236111111111111,0.009583333333333333,0.09194444444444444,0.8077571669477235,0.5906084656084656,0.19199057714958775,0.09527777777777778,calibrated,3.82
shared,0.094,sweep,combined,3.0,medium,301,0.09222222222222222,0.015833333333333335,0.10805555555555556,0.8659638554216867,0.6402948402948403,0.18485523385300667,0.10166666666666667,calibrated,3.82
shared,0.094,sweep,combined,3.0,medium,302,0.09152777777777778,0.022222222222222223,0.11375,0.8649468892261002,0.6052631578947368,0.2259100642398287,0.10041666666666667,calibrated,3.82
shared,0.094,sweep,combined,3.0,medium,303,0.09180555555555556,0.01875,0.11055555555555556,0.8623298033282905,0.6285998013902682,0.2011173184357542,0.09930555555555555,calibrated,3.82
shared,0.094,sweep,combined,3.0,medium,304,0.0975,0.021944444444444444,0.11944444444444445,0.8789173789173789,0.5662520281233099,0.21979166666666666,0.10402777777777779,calibrated,3.82
shared,0.094,sweep,combined,3.0,medium,305,0.09208333333333334,0.018472222222222223,0.11055555555555556,0.8567119155354449,0.6231738035264484,0.20044296788482835,0.1002777777777778,calibrated,3.82
shared,0.094,sweep,combined,3.0,medium,306,0.0925,0.019583333333333335,0.11208333333333333,0.8543543543543544,0.6175879396984925,0.2076086956521739,0.10124999999999999,calibrated,3.82
shared,0.094,sweep,combined,3.0,medium,307,0.09402777777777778,0.017222222222222222,0.11125,0.8493353028064993,0.627906976744186,0.1836283185840708,0.1025,calibrated,3.82
shared,0.094,sweep,combined,3.0,medium,308,0.09319444444444444,0.01625,0.10944444444444444,0.8614008941877794,0.624048706240487,0.19094922737306844,0.10180555555555555,calibrated,3.82
shared,0.094,sweep,combined,3.5,medium,301,0.09805555555555556,0.024583333333333332,0.1226388888888889,0.8725212464589235,0.6397058823529411,0.20893970893970895,0.10569444444444444,calibrated,3.82
shared,0.094,sweep,combined,3.5,medium,302,0.095,0.03375,0.12875,0.8888888888888888,0.6070004430660169,0.26754832146490337,0.10000000000000002,calibrated,3.82
shared,0.094,sweep,combined,3.5,medium,303,0.09472222222222222,0.026805555555555555,0.12152777777777778,0.8856304985337243,0.636443661971831,0.23554603854389722,0.09916666666666667,calibrated,3.82
shared,0.094,sweep,combined,3.5,medium,304,0.09986111111111111,0.030555555555555555,0.13041666666666665,0.8803894297635605,0.5872281351226284,0.24799196787148595,0.10402777777777777,calibrated,3.82
shared,0.094,sweep,combined,3.5,medium,305,0.09777777777777778,0.02666666666666667,0.12444444444444444,0.8920454545454546,0.6340183646698732,0.22394220846233232,0.10444444444444445,calibrated,3.82
shared,0.094,sweep,combined,3.5,medium,306,0.09875,0.03152777777777778,0.13027777777777777,0.8649789029535865,0.6061415220293725,0.24975320829220138,0.10555555555555557,calibrated,3.82
shared,0.094,sweep,combined,3.5,medium,307,0.09763888888888889,0.025833333333333333,0.12347222222222222,0.8748221906116643,0.6413556413556414,0.21839080459770116,0.10388888888888888,calibrated,3.82
shared,0.094,sweep,combined,3.5,medium,308,0.09791666666666667,0.02722222222222222,0.12513888888888888,0.8879432624113475,0.6144796380090498,0.2284527518172378,0.10319444444444444,calibrated,3.82
shared,0.094,sweep,combined,4.0,medium,301,0.1,0.03277777777777778,0.13277777777777777,0.8777777777777778,0.6495363214837713,0.25178389398572887,0.10194444444444445,calibrated,3.82
shared,0.094,sweep,combined,4.0,medium,302,0.09694444444444444,0.04,0.13694444444444445,0.8839541547277937,0.6181229773462783,0.2956777996070727,0.09958333333333332,calibrated,3.82
shared,0.094,sweep,combined,4.0,medium,303,0.09902777777777778,0.03236111111111111,0.1313888888888889,0.8962131837307152,0.6524602867105773,0.25661914460285135,0.10138888888888888,calibrated,3.82
shared,0.094,sweep,combined,4.0,medium,304,0.10166666666666667,0.0375,0.13916666666666666,0.894808743169399,0.5899094437257438,0.2731660231660232,0.10458333333333332,calibrated,3.82
shared,0.094,sweep,combined,4.0,medium,305,0.10055555555555555,0.03277777777777778,0.13333333333333333,0.8922651933701657,0.6437007874015748,0.24375624375624375,0.10513888888888889,calibrated,3.82
shared,0.094,sweep,combined,4.0,medium,306,0.09708333333333333,0.03986111111111111,0.13694444444444445,0.8855507868383404,0.6182115149040425,0.29301868239921336,0.09986111111111112,calibrated,3.82
shared,0.094,sweep,combined,4.0,medium,307,0.09847222222222222,0.034027777777777775,0.1325,0.9026798307475318,0.6504476449980537,0.26272912423625255,0.10055555555555556,calibrated,3.82
shared,0.094,sweep,combined,4.0,medium,308,0.10166666666666667,0.03194444444444444,0.13361111111111112,0.8879781420765027,0.6330645161290323,0.24524524524524524,0.10472222222222223,calibrated,3.82
shared,0.094,sweep,combined,5.0,medium,301,0.10152777777777777,0.04069444444444444,0.14222222222222222,0.9028727770177839,0.6552584670231729,0.2876447876447876,0.1025,calibrated,3.82
shared,0.094,sweep,combined,5.0,medium,302,0.09930555555555555,0.04888888888888889,0.14819444444444443,0.9020979020979021,0.6295487627365357,0.32898415657036345,0.10000000000000002,calibrated,3.82
shared,0.094,sweep,combined,5.0,medium,303,0.10194444444444445,0.04555555555555556,0.1475,0.8978201634877384,0.6379372520735666,0.3115060804490178,0.10222222222222221,calibrated,3.82
shared,0.094,sweep,combined,5.0,medium,304,0.10402777777777777,0.04569444444444445,0.14972222222222223,0.897196261682243,0.5957530475815965,0.3069852941176471,0.10472222222222223,calibrated,3.82
shared,0.094,sweep,combined,5.0,medium,305,0.10152777777777777,0.04375,0.14527777777777778,0.8974008207934336,0.6425992779783394,0.29924242424242425,0.10277777777777779,calibrated,3.82
shared,0.094,sweep,combined,5.0,medium,306,0.10055555555555555,0.050972222222222224,0.1515277777777778,0.8922651933701657,0.6197286395306197,0.3360655737704918,0.10125,calibrated,3.82
shared,0.094,sweep,combined,5.0,medium,307,0.10027777777777777,0.04472222222222222,0.145,0.8975069252077562,0.6515580736543909,0.3077651515151515,0.10152777777777777,calibrated,3.82
shared,0.094,sweep,combined,5.0,medium,308,0.10125,0.043611111111111114,0.1448611111111111,0.9108367626886146,0.6357248520710059,0.2994296577946768,0.10236111111111111,calibrated,3.82
shared,0.094,sweep,combined,6.0,medium,301,0.10388888888888889,0.04791666666666667,0.15180555555555555,0.8983957219251337,0.6240928882438317,0.3154056517775752,0.10430555555555554,calibrated,3.82
shared,0.094,sweep,combined,6.0,medium,302,0.10138888888888889,0.05513888888888889,0.15652777777777777,0.8917808219178082,0.6042050903725562,0.3513274336283186,0.10180555555555558,calibrated,3.82
shared,0.094,sweep,combined,6.0,medium,303,0.10236111111111111,0.051527777777777777,0.15388888888888888,0.8995929443690638,0.6228101537361459,0.33513513513513515,0.1025,calibrated,3.82
shared,0.094,sweep,combined,6.0,medium,304,0.10513888888888889,0.052222222222222225,0.15736111111111112,0.8903566710700133,0.5656,0.3306948109058927,0.10569444444444444,calibrated,3.82
shared,0.094,sweep,combined,6.0,medium,305,0.10236111111111111,0.051111111111111114,0.15347222222222223,0.8941655359565808,0.6210867218423893,0.3327321911632101,0.10277777777777779,calibrated,3.82
shared,0.094,sweep,combined,6.0,medium,306,0.10152777777777777,0.05638888888888889,0.15791666666666668,0.9110807113543091,0.6017601760176018,0.35789473684210527,0.10166666666666668,calibrated,3.82
shared,0.094,sweep,combined,6.0,medium,307,0.10041666666666667,0.050833333333333335,0.15125,0.8990318118948825,0.6351209253417456,0.3354720439963336,0.10069444444444443,calibrated,3.82
shared,0.094,sweep,combined,6.0,medium,308,0.10458333333333333,0.05138888888888889,0.15597222222222223,0.896414342629482,0.6047548291233283,0.3288888888888889,0.10486111111111113,calibrated,3.82
shared,0.094,sweep,baseline,0.0,medium,301,0.005,0.008194444444444445,0.013194444444444444,0.19444444444444445,0.18018018018018017,0.6100543478260869,0.03986111111111112,calibrated,3.82
shared,0.094,sweep,baseline,0.0,medium,302,0.0043055555555555555,0.008333333333333333,0.012638888888888889,0.0967741935483871,0.25,0.6312247644683715,0.03805555555555556,calibrated,3.82
shared,0.094,sweep,baseline,0.0,medium,303,0.0044444444444444444,0.009583333333333333,0.014027777777777778,0.1875,0.13793103448275862,0.625,0.04,calibrated,3.82
shared,0.094,sweep,baseline,0.0,medium,304,0.005,0.009444444444444445,0.014444444444444444,0.16666666666666666,0.1440677966101695,0.6344827586206897,0.03680555555555556,calibrated,3.82
shared,0.094,sweep,baseline,0.0,medium,305,0.004027777777777778,0.007222222222222222,0.01125,0.06896551724137931,0.18947368421052632,0.6390773405698779,0.03694444444444444,calibrated,3.82
shared,0.094,sweep,baseline,0.0,medium,306,0.0059722222222222225,0.006388888888888889,0.012361111111111111,0.16279069767441862,0.19811320754716982,0.6407506702412868,0.037222222222222226,calibrated,3.82
shared,0.094,sweep,baseline,0.0,medium,307,0.005555555555555556,0.007916666666666667,0.013472222222222222,0.15,0.1308411214953271,0.6086387434554974,0.041527777777777775,calibrated,3.82
shared,0.094,sweep,baseline,0.0,medium,308,0.005,0.007361111111111111,0.012361111111111111,0.1111111111111111,0.2,0.6190476190476191,0.04,calibrated,3.82
scaled,0.0678,cross,baseline,1.0,weak,201,0.005277777777777778,0.006805555555555555,0.012083333333333333,0.02631578947368421,0.012048192771084338,0.6094594594594595,0.04013888888888889,calibrated,3.82
scaled,0.0678,cross,baseline,1.0,weak,202,0.0044444444444444444,0.006666666666666667,0.011111111111111112,0.0625,0.01282051282051282,0.6385372714486639,0.03569444444444445,calibrated,3.82
scaled,0.0678,cross,baseline,1.0,weak,203,0.005555555555555556,0.007638888888888889,0.013194444444444444,0.225,0.01098901098901099,0.6374501992031872,0.03791666666666667,calibrated,3.82
scaled,0.0678,cross,baseline,1.0,weak,204,0.0038888888888888888,0.006944444444444444,0.010833333333333334,0.03571428571428571,0.0,0.6361149110807114,0.03694444444444444,calibrated,3.82
scaled,0.0678,cross,baseline,1.0,weak,205,0.0043055555555555555,0.009722222222222222,0.014027777777777778,0.12903225806451613,0.01020408163265306,0.6452036793692509,0.0375,calibrated,3.82
scaled,0.0678,cross,baseline,1.0,weak,206,0.005416666666666667,0.008055555555555555,0.013472222222222222,0.15384615384615385,0.020833333333333332,0.6307692307692307,0.04,calibrated,3.82
scaled,0.0678,cross,baseline,1.0,weak,207,0.004722222222222222,0.008333333333333333,0.013055555555555556,0.17647058823529413,0.0,0.6463576158940397,0.037083333333333336,calibrated,3.82
scaled,0.0678,cross,baseline,1.0,weak,208,0.004861111111111111,0.008611111111111111,0.013472222222222222,0.17142857142857143,0.0,0.6645077720207254,0.03597222222222222,calibrated,3.82
scaled,0.0678,cross,baseline,1.0,medium,201,0.005138888888888889,0.006944444444444444,0.012083333333333333,0.10810810810810811,0.0,0.594885598923284,0.04180555555555556,calibrated,3.82
scaled,0.0678,cross,baseline,1.0,medium,202,0.0044444444444444444,0.006527777777777778,0.010972222222222222,0.09375,0.025,0.6021220159151194,0.041666666666666664,calibrated,3.82
scaled,0.0678,cross,baseline,1.0,medium,203,0.00375,0.0077777777777777776,0.011527777777777777,0.14814814814814814,0.0,0.6133162612035852,0.04194444444444445,calibrated,3.82
scaled,0.0678,cross,baseline,1.0,medium,204,0.005694444444444445,0.006944444444444444,0.012638888888888889,0.1951219512195122,0.0,0.6092105263157894,0.04125,calibrated,3.82
scaled,0.0678,cross,baseline,1.0,medium,205,0.0044444444444444444,0.010138888888888888,0.014583333333333334,0.0,0.0,0.6175742574257426,0.042916666666666665,calibrated,3.82
scaled,0.0678,cross,baseline,1.0,medium,206,0.004722222222222222,0.008055555555555555,0.012777777777777779,0.20588235294117646,0.0,0.6283524904214559,0.04041666666666666,calibrated,3.82
scaled,0.0678,cross,baseline,1.0,medium,207,0.004583333333333333,0.008333333333333333,0.012916666666666667,0.06060606060606061,0.0,0.6446499339498019,0.03736111111111111,calibrated,3.82
scaled,0.0678,cross,baseline,1.0,medium,208,0.004166666666666667,0.008472222222222223,0.012638888888888889,0.13333333333333333,0.01098901098901099,0.6291718170580964,0.041666666666666664,calibrated,3.82
scaled,0.0678,cross,baseline,1.0,strong,201,0.006944444444444444,0.006944444444444444,0.013888888888888888,0.18,0.0,0.5840938722294654,0.04430555555555555,calibrated,3.82
scaled,0.0678,cross,baseline,1.0,strong,202,0.005694444444444445,0.00625,0.011944444444444445,0.21951219512195122,0.045454545454545456,0.587467362924282,0.04388888888888889,calibrated,3.82
scaled,0.0678,cross,baseline,1.0,strong,203,0.005138888888888889,0.0077777777777777776,0.012916666666666667,0.2702702702702703,0.0,0.5936739659367397,0.04638888888888889,calibrated,3.82
scaled,0.0678,cross,baseline,1.0,strong,204,0.0044444444444444444,0.006944444444444444,0.01138888888888889,0.03125,0.0,0.5891276864728192,0.04513888888888889,calibrated,3.82
scaled,0.0678,cross,baseline,1.0,strong,205,0.006527777777777778,0.00986111111111111,0.01638888888888889,0.1702127659574468,0.01694915254237288,0.6229712858926342,0.04194444444444445,calibrated,3.82
scaled,0.0678,cross,baseline,1.0,strong,206,0.005694444444444445,0.008194444444444445,0.013888888888888888,0.12195121951219512,0.01020408163265306,0.5796930342384888,0.04944444444444444,calibrated,3.82
scaled,0.0678,cross,baseline,1.0,strong,207,0.004583333333333333,0.008055555555555555,0.012638888888888889,0.06060606060606061,0.011235955056179775,0.6241956241956242,0.04055555555555555,calibrated,3.82
scaled,0.0678,cross,baseline,1.0,strong,208,0.007222222222222222,0.008611111111111111,0.015833333333333335,0.28846153846153844,0.0,0.61437125748503,0.04472222222222222,calibrated,3.82
scaled,0.0678,cross,housing,1.0,weak,201,0.008194444444444445,0.013333333333333334,0.021527777777777778,0.11864406779661017,0.0,0.6404494382022472,0.035555555555555556,calibrated,3.82
scaled,0.0678,cross,housing,1.0,weak,202,0.0077777777777777776,0.014722222222222222,0.0225,0.07142857142857142,0.006289308176100629,0.6347222222222222,0.03652777777777778,calibrated,3.82
scaled,0.0678,cross,housing,1.0,weak,203,0.01,0.01375,0.02375,0.2361111111111111,0.0058823529411764705,0.6265822784810127,0.04097222222222223,calibrated,3.82
scaled,0.0678,cross,housing,1.0,weak,204,0.007916666666666667,0.012222222222222223,0.02013888888888889,0.2982456140350877,0.0,0.6368563685636857,0.037222222222222226,calibrated,3.82
scaled,0.0678,cross,housing,1.0,weak,205,0.010138888888888888,0.01638888888888889,0.02652777777777778,0.1917808219178082,0.0,0.6462324393358876,0.03847222222222222,calibrated,3.82
scaled,0.0678,cross,housing,1.0,weak,206,0.009722222222222222,0.014027777777777778,0.02375,0.15714285714285714,0.0,0.6363636363636364,0.03944444444444444,calibrated,3.82
scaled,0.0678,cross,housing,1.0,weak,207,0.008611111111111111,0.014166666666666666,0.02277777777777778,0.25806451612903225,0.0,0.6648648648648648,0.03444444444444445,calibrated,3.82
scaled,0.0678,cross,housing,1.0,weak,208,0.008888888888888889,0.01513888888888889,0.024027777777777776,0.28125,0.0,0.64875,0.03902777777777778,calibrated,3.82
scaled,0.0678,cross,housing,1.0,medium,201,0.010833333333333334,0.013194444444444444,0.024027777777777776,0.1794871794871795,0.0,0.6082887700534759,0.04069444444444444,calibrated,3.82
scaled,0.0678,cross,housing,1.0,medium,202,0.009027777777777777,0.014861111111111111,0.02388888888888889,0.3230769230769231,0.005917159763313609,0.6200814111261872,0.03888888888888889,calibrated,3.82
scaled,0.0678,cross,housing,1.0,medium,203,0.011666666666666667,0.013888888888888888,0.025555555555555557,0.3333333333333333,0.0056179775280898875,0.61557478368356,0.043194444444444445,calibrated,3.82
scaled,0.0678,cross,housing,1.0,medium,204,0.009583333333333333,0.012083333333333333,0.021666666666666667,0.21739130434782608,0.0,0.6051282051282051,0.042777777777777776,calibrated,3.82
scaled,0.0678,cross,housing,1.0,medium,205,0.009722222222222222,0.01638888888888889,0.026111111111111113,0.21428571428571427,0.0,0.6107711138310894,0.04416666666666666,calibrated,3.82
scaled,0.0678,cross,housing,1.0,medium,206,0.00986111111111111,0.014027777777777778,0.02388888888888889,0.30985915492957744,0.0,0.6113161131611317,0.04388888888888889,calibrated,3.82
scaled,0.0678,cross,housing,1.0,medium,207,0.009166666666666667,0.014027777777777778,0.023194444444444445,0.21212121212121213,0.006134969325153374,0.6422976501305483,0.03805555555555556,calibrated,3.82
scaled,0.0678,cross,housing,1.0,medium,208,0.010416666666666666,0.01513888888888889,0.025555555555555557,0.37333333333333335,0.0055248618784530384,0.6208133971291866,0.04402777777777778,calibrated,3.82
scaled,0.0678,cross,housing,1.0,strong,201,0.011805555555555555,0.013194444444444444,0.025,0.25882352941176473,0.011560693641618497,0.5874035989717223,0.044583333333333336,calibrated,3.82
scaled,0.0678,cross,housing,1.0,strong,202,0.010416666666666666,0.014861111111111111,0.025277777777777777,0.22666666666666666,0.005555555555555556,0.5809768637532133,0.045277777777777785,calibrated,3.82
scaled,0.0678,cross,housing,1.0,strong,203,0.011666666666666667,0.01375,0.025416666666666667,0.19047619047619047,0.0,0.596130592503023,0.04638888888888889,calibrated,3.82
scaled,0.0678,cross,housing,1.0,strong,204,0.012777777777777779,0.012083333333333333,0.02486111111111111,0.2608695652173913,0.005847953216374269,0.5840597758405978,0.04638888888888889,calibrated,3.82
scaled,0.0678,cross,housing,1.0,strong,205,0.01375,0.01638888888888889,0.03013888888888889,0.30303030303030304,0.004784688995215311,0.6024242424242424,0.045555555555555564,calibrated,3.82
scaled,0.0678,cross,housing,1.0,strong,206,0.010555555555555556,0.014027777777777778,0.024583333333333332,0.32894736842105265,0.005813953488372093,0.5925925925925926,0.04736111111111111,calibrated,3.82
scaled,0.0678,cross,housing,1.0,strong,207,0.011527777777777777,0.013472222222222222,0.025,0.3132530120481928,0.011363636363636364,0.6014760147601476,0.045000000000000005,calibrated,3.82
scaled,0.0678,cross,housing,1.0,strong,208,0.009166666666666667,0.01513888888888889,0.024305555555555556,0.2727272727272727,0.0,0.6424167694204685,0.04027777777777778,calibrated,3.82
scaled,0.0678,cross,employment,1.0,weak,201,0.009027777777777777,0.014027777777777778,0.023055555555555555,0.24615384615384617,0.0903954802259887,0.6484149855907781,0.033888888888888885,calibrated,3.82
scaled,0.0678,cross,employment,1.0,weak,202,0.011666666666666667,0.01611111111111111,0.027777777777777776,0.2619047619047619,0.12442396313364056,0.6376811594202898,0.034722222222222224,calibrated,3.82
scaled,0.0678,cross,employment,1.0,weak,203,0.010972222222222222,0.014861111111111111,0.025833333333333333,0.20253164556962025,0.07653061224489796,0.6217948717948718,0.04097222222222222,calibrated,3.82
scaled,0.0678,cross,employment,1.0,weak,204,0.009444444444444445,0.013194444444444444,0.02263888888888889,0.3088235294117647,0.07738095238095238,0.610079575596817,0.040833333333333326,calibrated,3.82
scaled,0.0678,cross,employment,1.0,weak,205,0.00875,0.018472222222222223,0.02722222222222222,0.25396825396825395,0.045,0.6429495472186287,0.03833333333333333,calibrated,3.82
scaled,0.0678,cross,employment,1.0,weak,206,0.010972222222222222,0.015694444444444445,0.02666666666666667,0.20253164556962025,0.031413612565445025,0.6129837702871411,0.04305555555555556,calibrated,3.82
scaled,0.0678,cross,employment,1.0,weak,207,0.010138888888888888,0.014583333333333334,0.024722222222222222,0.2191780821917808,0.06486486486486487,0.6630286493860846,0.03430555555555555,calibrated,3.82
scaled,0.0678,cross,employment,1.0,weak,208,0.00986111111111111,0.017361111111111112,0.02722222222222222,0.3380281690140845,0.04522613065326633,0.6558861578266494,0.036944444444444446,calibrated,3.82
scaled,0.0678,cross,employment,1.0,medium,201,0.010138888888888888,0.014583333333333334,0.024722222222222222,0.2191780821917808,0.0546448087431694,0.6292134831460674,0.036666666666666674,calibrated,3.82
scaled,0.0678,cross,employment,1.0,medium,202,0.01375,0.015555555555555555,0.029305555555555557,0.31313131313131315,0.11304347826086956,0.5744125326370757,0.04527777777777778,calibrated,3.82
scaled,0.0678,cross,employment,1.0,medium,203,0.012083333333333333,0.015416666666666667,0.0275,0.22988505747126436,0.030303030303030304,0.5990279465370595,0.04583333333333334,calibrated,3.82
scaled,0.0678,cross,employment,1.0,medium,204,0.010277777777777778,0.013333333333333334,0.02361111111111111,0.22972972972972974,0.07386363636363637,0.6100131752305665,0.04111111111111111,calibrated,3.82
scaled,0.0678,cross,employment,1.0,medium,205,0.012222222222222223,0.017777777777777778,0.03,0.29545454545454547,0.08370044052863436,0.6289707750952986,0.04055555555555556,calibrated,3.82
scaled,0.0678,cross,employment,1.0,medium,206,0.012777777777777779,0.015555555555555555,0.028333333333333332,0.31521739130434784,0.07339449541284404,0.595873786407767,0.04624999999999999,calibrated,3.82
scaled,0.0678,cross,employment,1.0,medium,207,0.010416666666666666,0.014722222222222222,0.025138888888888888,0.26666666666666666,0.05945945945945946,0.6542056074766355,0.035972222222222225,calibrated,3.82
scaled,0.0678,cross,employment,1.0,medium,208,0.008888888888888889,0.017083333333333332,0.025972222222222223,0.28125,0.09045226130653267,0.6363636363636364,0.04,calibrated,3.82
scaled,0.0678,cross,employment,1.0,strong,201,0.010833333333333334,0.014027777777777778,0.02486111111111111,0.28205128205128205,0.058823529411764705,0.5920529801324503,0.042777777777777776,calibrated,3.82
scaled,0.0678,cross,employment,1.0,strong,202,0.01375,0.015694444444444445,0.029444444444444443,0.31313131313131315,0.10480349344978165,0.5678851174934726,0.04597222222222222,calibrated,3.82
scaled,0.0678,cross,employment,1.0,strong,203,0.01375,0.014722222222222222,0.02847222222222222,0.30303030303030304,0.08571428571428572,0.5906862745098039,0.04638888888888889,calibrated,3.82
scaled,0.0678,cross,employment,1.0,strong,204,0.013333333333333334,0.013194444444444444,0.02652777777777778,0.22916666666666666,0.13270142180094788,0.5733830845771144,0.04763888888888889,calibrated,3.82
scaled,0.0678,cross,employment,1.0,strong,205,0.01361111111111111,0.017916666666666668,0.03152777777777778,0.336734693877551,0.075,0.5958986731001207,0.04652777777777777,calibrated,3.82
scaled,0.0678,cross,employment,1.0,strong,206,0.01597222222222222,0.015694444444444445,0.03166666666666667,0.34782608695652173,0.06722689075630252,0.5769682726204466,0.049999999999999996,calibrated,3.82
scaled,0.0678,cross,employment,1.0,strong,207,0.012222222222222223,0.014444444444444444,0.02666666666666667,0.2840909090909091,0.11374407582938388,0.6022443890274314,0.04430555555555555,calibrated,3.82
scaled,0.0678,cross,employment,1.0,strong,208,0.012916666666666667,0.016666666666666666,0.029583333333333333,0.3978494623655914,0.08035714285714286,0.6,0.04722222222222222,calibrated,3.82
scaled,0.0678,cross,combined,1.0,weak,201,0.020555555555555556,0.024166666666666666,0.04472222222222222,0.3310810810810811,0.015723270440251572,0.5886889460154242,0.044444444444444446,calibrated,3.82
scaled,0.0678,cross,combined,1.0,weak,202,0.01972222222222222,0.025416666666666667,0.04513888888888889,0.3591549295774648,0.048484848484848485,0.5873221216041398,0.04430555555555555,calibrated,3.82
scaled,0.0678,cross,combined,1.0,weak,203,0.019305555555555555,0.025555555555555557,0.04486111111111111,0.39568345323741005,0.04878048780487805,0.6108374384236454,0.04388888888888889,calibrated,3.82
scaled,0.0678,cross,combined,1.0,weak,204,0.019444444444444445,0.026111111111111113,0.04555555555555556,0.45,0.030303030303030304,0.5984752223634053,0.043888888888888894,calibrated,3.82
scaled,0.0678,cross,combined,1.0,weak,205,0.019583333333333335,0.030972222222222224,0.050555555555555555,0.3546099290780142,0.019553072625698324,0.6219512195121951,0.04305555555555556,calibrated,3.82
scaled,0.0678,cross,combined,1.0,weak,206,0.02125,0.028055555555555556,0.049305555555555554,0.37254901960784315,0.022535211267605635,0.5897129186602871,0.04763888888888889,calibrated,3.82
scaled,0.0678,cross,combined,1.0,weak,207,0.021111111111111112,0.025,0.04611111111111111,0.40789473684210525,0.03313253012048193,0.6163522012578616,0.042361111111111106,calibrated,3.82
scaled,0.0678,cross,combined,1.0,weak,208,0.020694444444444446,0.02763888888888889,0.04833333333333333,0.4563758389261745,0.03170028818443804,0.6382460414129111,0.041249999999999995,calibrated,3.82
scaled,0.0678,cross,combined,1.0,medium,201,0.02486111111111111,0.02388888888888889,0.04875,0.5027932960893855,0.023054755043227664,0.5753768844221105,0.04694444444444445,calibrated,3.82
scaled,0.0678,cross,combined,1.0,medium,202,0.024027777777777776,0.025277777777777777,0.049305555555555554,0.4913294797687861,0.05,0.5743329097839899,0.04652777777777777,calibrated,3.82
scaled,0.0678,cross,combined,1.0,medium,203,0.02347222222222222,0.025833333333333333,0.049305555555555554,0.48520710059171596,0.054945054945054944,0.5793184488836662,0.04972222222222222,calibrated,3.82
scaled,0.0678,cross,combined,1.0,medium,204,0.023055555555555555,0.025972222222222223,0.04902777777777778,0.4759036144578313,0.041666666666666664,0.5538277511961722,0.05180555555555555,calibrated,3.82
scaled,0.0678,cross,combined,1.0,medium,205,0.02625,0.03013888888888889,0.05638888888888889,0.544973544973545,0.03722084367245657,0.5755148741418764,0.051527777777777777,calibrated,3.82
scaled,0.0678,cross,combined,1.0,medium,206,0.025416666666666667,0.028055555555555556,0.05347222222222222,0.4808743169398907,0.03875968992248062,0.5679723502304147,0.052083333333333336,calibrated,3.82
scaled,0.0678,cross,combined,1.0,medium,207,0.020555555555555556,0.02486111111111111,0.04541666666666667,0.44594594594594594,0.041791044776119404,0.6091245376078915,0.044027777777777784,calibrated,3.82
scaled,0.0678,cross,combined,1.0,medium,208,0.02361111111111111,0.027916666666666666,0.051527777777777777,0.4588235294117647,0.02717391304347826,0.5819397993311036,0.052083333333333336,calibrated,3.82
scaled,0.0678,cross,combined,1.0,strong,201,0.02875,0.02375,0.0525,0.5652173913043478,0.059895833333333336,0.539833531510107,0.05375000000000001,calibrated,3.82
scaled,0.0678,cross,combined,1.0,strong,202,0.028194444444444446,0.025555555555555557,0.05375,0.541871921182266,0.06516290726817042,0.5272938443670151,0.05652777777777779,calibrated,3.82
scaled,0.0678,cross,combined,1.0,strong,203,0.03138888888888889,0.025694444444444443,0.05708333333333333,0.5973451327433629,0.07294117647058823,0.5467706013363028,0.05652777777777777,calibrated,3.82
scaled,0.0678,cross,combined,1.0,strong,204,0.029027777777777777,0.025555555555555557,0.05458333333333333,0.5311004784688995,0.061124694376528114,0.5394431554524362,0.05513888888888888,calibrated,3.82
scaled,0.0678,cross,combined,1.0,strong,205,0.029861111111111113,0.03,0.05986111111111111,0.4790697674418605,0.059602649006622516,0.5548245614035088,0.056388888888888884,calibrated,3.82
scaled,0.0678,cross,combined,1.0,strong,206,0.03125,0.027916666666666666,0.059166666666666666,0.5244444444444445,0.037037037037037035,0.5328310010764262,0.060277777777777784,calibrated,3.82
scaled,0.0678,cross,combined,1.0,strong,207,0.025138888888888888,0.024305555555555556,0.049444444444444444,0.4972375690607735,0.09536082474226804,0.5607798165137615,0.05319444444444443,calibrated,3.82
scaled,0.0678,cross,combined,1.0,strong,208,0.0275,0.02722222222222222,0.05472222222222222,0.5404040404040404,0.05609756097560976,0.5667752442996743,0.05541666666666667,calibrated,3.82
scaled,0.0678,sweep,combined,0.5,medium,301,0.011805555555555555,0.01611111111111111,0.027916666666666666,0.2823529411764706,0.015463917525773196,0.6055625790139064,0.043333333333333335,calibrated,3.82
scaled,0.0678,sweep,combined,0.5,medium,302,0.011805555555555555,0.013472222222222222,0.025277777777777777,0.35294117647058826,0.005780346820809248,0.6295369211514393,0.041111111111111105,calibrated,3.82
scaled,0.0678,sweep,combined,0.5,medium,303,0.008194444444444445,0.01361111111111111,0.021805555555555557,0.1864406779661017,0.012738853503184714,0.6417910447761194,0.036666666666666674,calibrated,3.82
scaled,0.0678,sweep,combined,0.5,medium,304,0.012222222222222223,0.013194444444444444,0.025416666666666667,0.3409090909090909,0.011299435028248588,0.625169147496617,0.03847222222222223,calibrated,3.82
scaled,0.0678,sweep,combined,0.5,medium,305,0.010277777777777778,0.013194444444444444,0.02347222222222222,0.24324324324324326,0.029411764705882353,0.6194805194805195,0.04069444444444444,calibrated,3.82
scaled,0.0678,sweep,combined,0.5,medium,306,0.01,0.015694444444444445,0.025694444444444443,0.18055555555555555,0.03225806451612903,0.6327044025157232,0.04055555555555556,calibrated,3.82
scaled,0.0678,sweep,combined,0.5,medium,307,0.010416666666666666,0.013472222222222222,0.02388888888888889,0.21333333333333335,0.01764705882352941,0.6357786357786358,0.03930555555555556,calibrated,3.82
scaled,0.0678,sweep,combined,0.5,medium,308,0.009583333333333333,0.014027777777777778,0.02361111111111111,0.15942028985507245,0.005952380952380952,0.6308539944903582,0.03722222222222222,calibrated,3.82
scaled,0.0678,sweep,combined,1.0,medium,301,0.025138888888888888,0.02666666666666667,0.051805555555555556,0.4530386740331492,0.06788511749347259,0.5590277777777778,0.05291666666666667,calibrated,3.82
scaled,0.0678,sweep,combined,1.0,medium,302,0.02486111111111111,0.025,0.04986111111111111,0.49162011173184356,0.03314917127071823,0.5824682814302191,0.050277777777777775,calibrated,3.82
scaled,0.0678,sweep,combined,1.0,medium,303,0.024166666666666666,0.025416666666666667,0.04958333333333333,0.45977011494252873,0.03611111111111111,0.5912408759124088,0.04666666666666667,calibrated,3.82
scaled,0.0678,sweep,combined,1.0,medium,304,0.02375,0.022916666666666665,0.04666666666666667,0.4678362573099415,0.021021021021021023,0.5857687420584498,0.04527777777777778,calibrated,3.82
scaled,0.0678,sweep,combined,1.0,medium,305,0.023333333333333334,0.02388888888888889,0.04722222222222222,0.4583333333333333,0.05172413793103448,0.5665488810365136,0.05111111111111111,calibrated,3.82
scaled,0.0678,sweep,combined,1.0,medium,306,0.02375,0.02666666666666667,0.050416666666666665,0.5029239766081871,0.025139664804469275,0.6009501187648456,0.04666666666666667,calibrated,3.82
scaled,0.0678,sweep,combined,1.0,medium,307,0.022222222222222223,0.02763888888888889,0.04986111111111111,0.5125,0.03825136612021858,0.5767878077373975,0.05013888888888889,calibrated,3.82
scaled,0.0678,sweep,combined,1.0,medium,308,0.01875,0.025694444444444443,0.044444444444444446,0.3925925925925926,0.043478260869565216,0.5841836734693877,0.045277777777777785,calibrated,3.82
scaled,0.0678,sweep,combined,1.5,medium,301,0.044305555555555556,0.03736111111111111,0.08166666666666667,0.7210031347962382,0.08576051779935275,0.5047821466524973,0.06472222222222222,calibrated,3.82
scaled,0.0678,sweep,combined,1.5,medium,302,0.04861111111111111,0.03847222222222222,0.08708333333333333,0.7142857142857143,0.09821428571428571,0.4984924623115578,0.06930555555555555,calibrated,3.82
scaled,0.0678,sweep,combined,1.5,medium,303,0.044305555555555556,0.03638888888888889,0.08069444444444444,0.64576802507837,0.0799347471451876,0.5169029443838604,0.06152777777777777,calibrated,3.82
scaled,0.0678,sweep,combined,1.5,medium,304,0.04805555555555555,0.034305555555555554,0.08236111111111111,0.6734104046242775,0.07592891760904685,0.48549946294307195,0.06652777777777777,calibrated,3.82
scaled,0.0678,sweep,combined,1.5,medium,305,0.04694444444444444,0.03625,0.08319444444444445,0.6982248520710059,0.08372827804107424,0.5053418803418803,0.06430555555555555,calibrated,3.82
scaled,0.0678,sweep,combined,1.5,medium,306,0.04625,0.03861111111111111,0.08486111111111111,0.6756756756756757,0.0876923076923077,0.5252100840336135,0.06277777777777778,calibrated,3.82
scaled,0.0678,sweep,combined,1.5,medium,307,0.04513888888888889,0.03986111111111111,0.085,0.68,0.08006279434850863,0.5159235668789809,0.06333333333333334,calibrated,3.82
scaled,0.0678,sweep,combined,1.5,medium,308,0.04555555555555556,0.03625,0.08180555555555556,0.6951219512195121,0.07479674796747968,0.4922907488986784,0.06402777777777778,calibrated,3.82
scaled,0.0678,sweep,combined,2.0,medium,301,0.06638888888888889,0.04777777777777778,0.11416666666666667,0.8326359832635983,0.16,0.4448669201520912,0.08111111111111112,calibrated,3.82
scaled,0.0678,sweep,combined,2.0,medium,302,0.06930555555555555,0.04875,0.11805555555555555,0.811623246492986,0.1371308016877637,0.45128676470588236,0.08291666666666668,calibrated,3.82
scaled,0.0678,sweep,combined,2.0,medium,303,0.0675,0.04625,0.11375,0.8004115226337448,0.1408296943231441,0.4425287356321839,0.08083333333333334,calibrated,3.82
scaled,0.0678,sweep,combined,2.0,medium,304,0.07,0.04541666666666667,0.11541666666666667,0.7996031746031746,0.09887640449438202,0.43105110896817744,0.08194444444444444,calibrated,3.82
scaled,0.0678,sweep,combined,2.0,medium,305,0.06722222222222222,0.04736111111111111,0.11458333333333333,0.7995867768595041,0.14316469321851452,0.43909348441926344,0.0825,calibrated,3.82
scaled,0.0678,sweep,combined,2.0,medium,306,0.06638888888888889,0.050833333333333335,0.11722222222222223,0.805439330543933,0.12299465240641712,0.4693106704438149,0.07805555555555556,calibrated,3.82
scaled,0.0678,sweep,combined,2.0,medium,307,0.06625,0.051527777777777777,0.11777777777777777,0.80083857442348,0.12108108108108108,0.45550239234449763,0.07902777777777777,calibrated,3.82
scaled,0.0678,sweep,combined,2.0,medium,308,0.06847222222222223,0.04472222222222222,0.11319444444444444,0.8519269776876268,0.14930182599355532,0.42311365807067813,0.08388888888888889,calibrated,3.82
scaled,0.0678,sweep,combined,2.5,medium,301,0.07916666666666666,0.05263888888888889,0.13180555555555556,0.8456140350877193,0.2687400318979266,0.4173441734417344,0.08958333333333333,calibrated,3.82
scaled,0.0678,sweep,combined,2.5,medium,302,0.07972222222222222,0.05652777777777778,0.13625,0.8432055749128919,0.20683903252710592,0.43312666076173606,0.0888888888888889,calibrated,3.82
scaled,0.0678,sweep,combined,2.5,medium,303,0.0775,0.05486111111111111,0.13236111111111112,0.8763440860215054,0.2372322899505766,0.42604651162790697,0.08569444444444445,calibrated,3.82
scaled,0.0678,sweep,combined,2.5,medium,304,0.08125,0.05236111111111111,0.13361111111111112,0.8564102564102564,0.23038810900082576,0.411599625818522,0.08736111111111111,calibrated,3.82
scaled,0.0678,sweep,combined,2.5,medium,305,0.08138888888888889,0.05486111111111111,0.13625,0.863481228668942,0.21374685666387258,0.41009743135518156,0.09249999999999999,calibrated,3.82
scaled,0.0678,sweep,combined,2.5,medium,306,0.07819444444444444,0.059027777777777776,0.13722222222222222,0.8543516873889876,0.19425675675675674,0.43733333333333335,0.08791666666666666,calibrated,3.82
scaled,0.0678,sweep,combined,2.5,medium,307,0.08125,0.05694444444444444,0.13819444444444445,0.852991452991453,0.20629660314830156,0.42224231464737794,0.08875,calibrated,3.82
scaled,0.0678,sweep,combined,2.5,medium,308,0.08236111111111111,0.050972222222222224,0.13333333333333333,0.8499156829679595,0.23927392739273928,0.4,0.09083333333333334,calibrated,3.82
scaled,0.0678,sweep,combined,3.0,medium,301,0.08722222222222223,0.05736111111111111,0.14458333333333334,0.8869426751592356,0.35301668806161746,0.4008810572687225,0.09444444444444444,calibrated,3.82
scaled,0.0678,sweep,combined,3.0,medium,302,0.085,0.06166666666666667,0.14666666666666667,0.8905228758169934,0.3039945836154367,0.4219298245614035,0.0915277777777778,calibrated,3.82
scaled,0.0678,sweep,combined,3.0,medium,303,0.08222222222222222,0.059305555555555556,0.14152777777777778,0.8648648648648649,0.3340080971659919,0.41950321987120515,0.08763888888888889,calibrated,3.82
scaled,0.0678,sweep,combined,3.0,medium,304,0.08680555555555555,0.056666666666666664,0.14347222222222222,0.8816,0.30162085976039466,0.40400363967242947,0.09097222222222223,calibrated,3.82
scaled,0.0678,sweep,combined,3.0,medium,305,0.08555555555555555,0.059027777777777776,0.14458333333333334,0.8961038961038961,0.33311081441922563,0.4092526690391459,0.0922222222222222,calibrated,3.82
scaled,0.0678,sweep,combined,3.0,medium,306,0.08361111111111111,0.0636111111111111,0.14722222222222223,0.8853820598006644,0.297111416781293,0.4345132743362832,0.08875,calibrated,3.82
scaled,0.0678,sweep,combined,3.0,medium,307,0.08583333333333333,0.06055555555555556,0.1463888888888889,0.8851132686084142,0.3069577080491132,0.4147424511545293,0.09152777777777778,calibrated,3.82
scaled,0.0678,sweep,combined,3.0,medium,308,0.08944444444444444,0.05458333333333333,0.14402777777777778,0.8913043478260869,0.32951482479784366,0.3879539415411869,0.0959722222222222,calibrated,3.82
scaled,0.0678,sweep,combined,3.5,medium,301,0.08958333333333333,0.06027777777777778,0.1498611111111111,0.889922480620155,0.39860546194073215,0.4,0.09458333333333334,calibrated,3.82
scaled,0.0678,sweep,combined,3.5,medium,302,0.08652777777777777,0.0648611111111111,0.15138888888888888,0.9069020866773676,0.3801410105757932,0.4280639431616341,0.08944444444444444,calibrated,3.82
scaled,0.0678,sweep,combined,3.5,medium,303,0.08625,0.06111111111111111,0.1473611111111111,0.8808373590982287,0.404292343387471,0.414568345323741,0.09041666666666666,calibrated,3.82
scaled,0.0678,sweep,combined,3.5,medium,304,0.08875,0.058888888888888886,0.14763888888888888,0.8841940532081377,0.36993865030674844,0.4019873532068654,0.09194444444444444,calibrated,3.82
scaled,0.0678,sweep,combined,3.5,medium,305,0.08805555555555555,0.06166666666666667,0.14972222222222223,0.886435331230284,0.39383362420011636,0.40367775831873903,0.09458333333333334,calibrated,3.82
scaled,0.0678,sweep,combined,3.5,medium,306,0.08680555555555555,0.06638888888888889,0.15319444444444444,0.9024,0.37902753368482717,0.42696629213483145,0.09208333333333334,calibrated,3.82
scaled,0.0678,sweep,combined,3.5,medium,307,0.08652777777777777,0.06333333333333334,0.1498611111111111,0.8764044943820225,0.3827893175074184,0.42021276595744683,0.09083333333333334,calibrated,3.82
scaled,0.0678,sweep,combined,3.5,medium,308,0.09097222222222222,0.057777777777777775,0.14875,0.9007633587786259,0.3952941176470588,0.3879003558718861,0.09555555555555555,calibrated,3.82
scaled,0.0678,sweep,combined,4.0,medium,301,0.09361111111111112,0.06208333333333333,0.15569444444444444,0.8961424332344213,0.4666666666666667,0.3975588491717524,0.09597222222222224,calibrated,3.82
scaled,0.0678,sweep,combined,4.0,medium,302,0.09055555555555556,0.06555555555555556,0.15611111111111112,0.8849693251533742,0.42311770943796395,0.42036553524804177,0.09250000000000001,calibrated,3.82
scaled,0.0678,sweep,combined,4.0,medium,303,0.08986111111111111,0.0625,0.1523611111111111,0.8902627511591963,0.46248085758039814,0.4142222222222222,0.0915277777777778,calibrated,3.82
scaled,0.0678,sweep,combined,4.0,medium,304,0.09041666666666667,0.06055555555555556,0.15097222222222223,0.8786482334869432,0.41301907968574636,0.400359066427289,0.09277777777777778,calibrated,3.82
scaled,0.0678,sweep,combined,4.0,medium,305,0.08847222222222222,0.06388888888888888,0.1523611111111111,0.8869701726844584,0.4616166751398068,0.41275465013286095,0.09208333333333334,calibrated,3.82
scaled,0.0678,sweep,combined,4.0,medium,306,0.08819444444444445,0.06847222222222223,0.15666666666666668,0.8818897637795275,0.4328824141519251,0.4353146853146853,0.0897222222222222,calibrated,3.82
scaled,0.0678,sweep,combined,4.0,medium,307,0.09083333333333334,0.06472222222222222,0.15555555555555556,0.9021406727828746,0.4366789280084078,0.4151436031331593,0.09333333333333332,calibrated,3.82
scaled,0.0678,sweep,combined,4.0,medium,308,0.09194444444444444,0.059305555555555556,0.15125,0.879154078549849,0.4528891202498699,0.39301700984780663,0.09416666666666666,calibrated,3.82
scaled,0.0678,sweep,combined,5.0,medium,301,0.09583333333333334,0.06375,0.15958333333333333,0.8898550724637682,0.5004533091568449,0.3994823123382226,0.09666666666666666,calibrated,3.82
scaled,0.0678,sweep,combined,5.0,medium,302,0.09152777777777778,0.06777777777777778,0.15930555555555556,0.8846737481031867,0.4806346243583761,0.42484795829713295,0.09194444444444445,calibrated,3.82
scaled,0.0678,sweep,combined,5.0,medium,303,0.09305555555555556,0.06402777777777778,0.15708333333333332,0.8850746268656716,0.5022893772893773,0.40897097625329815,0.09333333333333334,calibrated,3.82
scaled,0.0678,sweep,combined,5.0,medium,304,0.09305555555555556,0.06180555555555556,0.15486111111111112,0.8955223880597015,0.45555555555555555,0.3985828166519043,0.09430555555555555,calibrated,3.82
scaled,0.0678,sweep,combined,5.0,medium,305,0.09444444444444444,0.06527777777777778,0.1597222222222222,0.9014705882352941,0.4972801450589302,0.4053356282271945,0.09597222222222224,calibrated,3.82
scaled,0.0678,sweep,combined,5.0,medium,306,0.09472222222222222,0.06958333333333333,0.16430555555555557,0.8900293255131965,0.49013452914798206,0.42100840336134454,0.09569444444444443,calibrated,3.82
scaled,0.0678,sweep,combined,5.0,medium,307,0.09236111111111112,0.06666666666666667,0.15902777777777777,0.8992481203007519,0.49633699633699635,0.41854419410745236,0.09319444444444445,calibrated,3.82
scaled,0.0678,sweep,combined,5.0,medium,308,0.09541666666666666,0.06125,0.15666666666666668,0.8893740902474527,0.5161290322580645,0.3875219683655536,0.09680555555555555,calibrated,3.82
scaled,0.0678,sweep,combined,6.0,medium,301,0.09861111111111111,0.06513888888888889,0.16375,0.9183098591549296,0.5082680591818973,0.3972950126796281,0.09902777777777777,calibrated,3.82
scaled,0.0678,sweep,combined,6.0,medium,302,0.09277777777777778,0.06847222222222223,0.16125,0.8877245508982036,0.4817888427846934,0.4242685025817556,0.09291666666666665,calibrated,3.82
scaled,0.0678,sweep,combined,6.0,medium,303,0.09541666666666666,0.06527777777777778,0.16069444444444445,0.883551673944687,0.49525959367945827,0.40638481449525454,0.09555555555555555,calibrated,3.82
scaled,0.0678,sweep,combined,6.0,medium,304,0.0975,0.06291666666666666,0.16041666666666668,0.8903133903133903,0.45387634936211974,0.3915298184961106,0.09777777777777778,calibrated,3.82
scaled,0.0678,sweep,combined,6.0,medium,305,0.09444444444444444,0.06569444444444444,0.1601388888888889,0.8823529411764706,0.5026737967914439,0.4100346020761246,0.09472222222222222,calibrated,3.82
scaled,0.0678,sweep,combined,6.0,medium,306,0.09472222222222222,0.06972222222222223,0.16444444444444445,0.8914956011730205,0.48674157303370785,0.42362869198312236,0.0948611111111111,calibrated,3.82
scaled,0.0678,sweep,combined,6.0,medium,307,0.09444444444444444,0.0675,0.16194444444444445,0.8867647058823529,0.5079016681299385,0.41573994867408043,0.0948611111111111,calibrated,3.82
scaled,0.0678,sweep,combined,6.0,medium,308,0.09708333333333333,0.06166666666666667,0.15875,0.9027181688125894,0.506323396567299,0.3881118881118881,0.09722222222222222,calibrated,3.82
scaled,0.0678,sweep,baseline,0.0,medium,301,0.0038888888888888888,0.008472222222222223,0.012361111111111111,0.03571428571428571,0.0,0.6106870229007634,0.04249999999999999,calibrated,3.82
scaled,0.0678,sweep,baseline,0.0,medium,302,0.0044444444444444444,0.007222222222222222,0.011666666666666667,0.21875,0.0,0.6449086161879896,0.03777777777777778,calibrated,3.82
scaled,0.0678,sweep,baseline,0.0,medium,303,0.004583333333333333,0.0077777777777777776,0.012361111111111111,0.12121212121212122,0.0,0.644474034620506,0.03708333333333333,calibrated,3.82
scaled,0.0678,sweep,baseline,0.0,medium,304,0.003611111111111111,0.007361111111111111,0.010972222222222222,0.0,0.0,0.6289655172413793,0.037361111111111116,calibrated,3.82
scaled,0.0678,sweep,baseline,0.0,medium,305,0.005694444444444445,0.006111111111111111,0.011805555555555555,0.12195121951219512,0.0,0.6089171974522293,0.04263888888888889,calibrated,3.82
scaled,0.0678,sweep,baseline,0.0,medium,306,0.006527777777777778,0.007361111111111111,0.013888888888888888,0.06382978723404255,0.0,0.6377551020408163,0.03944444444444445,calibrated,3.82
scaled,0.0678,sweep,baseline,0.0,medium,307,0.004583333333333333,0.007222222222222222,0.011805555555555555,0.15151515151515152,0.0,0.6237113402061856,0.04055555555555555,calibrated,3.82
scaled,0.0678,sweep,baseline,0.0,medium,308,0.006111111111111111,0.00625,0.012361111111111111,0.20454545454545456,0.0,0.6178861788617886,0.03916666666666667,calibrated,3.82
