stay_scale,policy_scale,seed,target_inflow_rate,target_social_cost,target_chain_share,coorigin_clustering,parameter_profile,beta_current_state_used
0.85,1.0,501,0.030555555555555555,-0.12314919623693377,0.41363636363636364,0.2403114451961958,calibrated,3.247
0.85,1.0,502,0.02861111111111111,-0.11219907710680425,0.4854368932038835,0.21141587824127409,calibrated,3.247
0.85,1.0,503,0.03027777777777778,-0.14398185272956918,0.5504587155963303,0.21752948555467716,calibrated,3.247
0.85,1.0,504,0.029166666666666667,-0.146681073674056,0.4666666666666667,0.22786314601967522,calibrated,3.247
1.0,1.0,501,0.021666666666666667,-0.11256356273070765,0.33974358974358976,0.19730928383909696,calibrated,3.82
1.0,1.0,502,0.02388888888888889,-0.11210755920949698,0.5116279069767442,0.20743067647166843,calibrated,3.82
1.0,1.0,503,0.017083333333333332,-0.094039353055739,0.2845528455284553,0.1880357734183178,calibrated,3.82
1.0,1.0,504,0.01986111111111111,-0.11145129717355255,0.3076923076923077,0.1950053898611383,calibrated,3.82
1.15,1.0,501,0.015416666666666667,-0.09178321862814519,0.34234234234234234,0.1760517991095702,calibrated,4.393
1.15,1.0,502,0.01611111111111111,-0.07574126390654694,0.3103448275862069,0.18294977836467677,calibrated,4.393
1.15,1.0,503,0.013055555555555556,-0.09344139784562956,0.2553191489361702,0.17873058311799506,calibrated,4.393
1.15,1.0,504,0.014027777777777778,-0.10246819204578782,0.25742574257425743,0.1798934553575476,calibrated,4.393
