rent_rejection_elasticity,policy,intensity,interaction,seed,target_inflow,target_housing_rejection,chain_share,final_rent,parameter_profile,beta_current_state_used
0.0,combined,2.0,medium,501,0.06125,0.4271708683473389,0.6870748299319728,0.7,calibrated,3.82
0.0,combined,2.0,medium,502,0.05694444444444444,0.43952802359882004,0.7146341463414634,0.7,calibrated,3.82
0.0,combined,2.0,medium,503,0.06305555555555556,0.32242225859247137,0.751101321585903,0.7,calibrated,3.82
0.0,combined,2.0,medium,504,0.0648611111111111,0.3830703012912482,0.7473233404710921,0.7,calibrated,3.82
0.1,combined,2.0,medium,501,0.059722222222222225,0.3939393939393939,0.6953488372093023,0.9348999861275742,calibrated,3.82
0.1,combined,2.0,medium,502,0.05694444444444444,0.4175824175824176,0.7073170731707317,0.9721818330966396,calibrated,3.82
0.1,combined,2.0,medium,503,0.06375,0.3209076175040519,0.7821350762527233,0.8678801771755807,calibrated,3.82
0.1,combined,2.0,medium,504,0.06152777777777778,0.3786259541984733,0.7629796839729119,0.9145836750379537,calibrated,3.82
0.15,combined,2.0,medium,501,0.05652777777777778,0.3861066235864297,0.7248157248157249,1.1449656959492045,calibrated,3.82
0.15,combined,2.0,medium,502,0.058888888888888886,0.3753993610223642,0.7099056603773585,1.159917696180264,calibrated,3.82
0.15,combined,2.0,medium,503,0.06194444444444445,0.33495145631067963,0.7399103139013453,1.0751262106425288,calibrated,3.82
0.15,combined,2.0,medium,504,0.0648611111111111,0.3547400611620795,0.7408993576017131,1.1115873742247449,calibrated,3.82
0.2,combined,2.0,medium,501,0.05763888888888889,0.38126009693053314,0.7325301204819277,1.4391020094212288,calibrated,3.82
0.2,combined,2.0,medium,502,0.05638888888888889,0.36626916524701875,0.7142857142857143,1.4053333882406949,calibrated,3.82
0.2,combined,2.0,medium,503,0.06055555555555556,0.2826475849731664,0.7224770642201835,1.1615740578650835,calibrated,3.82
0.2,combined,2.0,medium,504,0.06138888888888889,0.34294871794871795,0.7420814479638009,1.3287866058076998,calibrated,3.82
