shock,seed,move_rate,clustering,housing_rejection,social_utility_index,unfilled_jobs,parameter_profile,beta_current_state_used
baseline,401,0.036222222222222225,0.17644764845614808,0.03266917293233083,0.3440752930609677,0.06666666666666667,calibrated,3.82
baseline,402,0.037333333333333336,0.16295229410799325,0.021700083542188806,0.34531468725525033,0.13333333333333333,calibrated,3.82
baseline,403,0.04255555555555556,0.16346405553722976,0.027994208024193036,0.33834826636223636,0.06666666666666667,calibrated,3.82
baseline,404,0.037222222222222226,0.18056621155663252,0.01875152738544572,0.34837764069633553,0.26666666666666666,calibrated,3.82
baseline,405,0.04033333333333333,0.1606828403986792,0.009177157453019521,0.3410490031844569,0.26666666666666666,calibrated,3.82
baseline,406,0.038,0.17992006945057112,0.06329466466721369,0.3447875211072147,0.7333333333333333,calibrated,3.82
financial_crisis,401,0.042111111111111106,0.17769549593051526,0.03529581529581529,0.3448022804333709,0.0,calibrated,3.82
financial_crisis,402,0.043111111111111114,0.1766438340524623,0.026066902446212792,0.34918537555111834,0.3333333333333333,calibrated,3.82
financial_crisis,403,0.04577777777777778,0.16776414497577244,0.04534010434010435,0.33956388828913087,0.13333333333333333,calibrated,3.82
financial_crisis,404,0.04422222222222221,0.17030906112290622,0.022252946926571215,0.3422490424122269,0.2,calibrated,3.82
financial_crisis,405,0.04466666666666667,0.16381842985973483,0.01598332350918558,0.3412695961514838,0.06666666666666667,calibrated,3.82
financial_crisis,406,0.04422222222222223,0.18235429778540058,0.04282809420064322,0.3480272340303653,0.3333333333333333,calibrated,3.82
labor_shortage,401,0.03477777777777778,0.18076623156797206,0.024365914786967417,0.34802486037475444,21.0,calibrated,3.82
labor_shortage,402,0.036000000000000004,0.17401779301184714,0.015539682539682539,0.3450068757537074,21.533333333333335,calibrated,3.82
labor_shortage,403,0.03944444444444444,0.17431065007034965,0.0147008547008547,0.3421894577026837,20.266666666666666,calibrated,3.82
labor_shortage,404,0.03644444444444444,0.17783962240854964,0.010285204991087345,0.3443281610512113,21.333333333333332,calibrated,3.82
labor_shortage,405,0.03711111111111111,0.16299863417536942,0.02545265520704117,0.33772216928716464,20.866666666666667,calibrated,3.82
labor_shortage,406,0.03888888888888889,0.18211990200718658,0.048398793699378696,0.34836510584747044,23.466666666666665,calibrated,3.82
pandemic,401,0.03911111111111111,0.1804202189831222,0.033888509151667044,0.3468794673516996,0.2,calibrated,3.82
pandemic,402,0.04022222222222223,0.17335639644665377,0.023408220864103216,0.34934710978384603,0.06666666666666667,calibrated,3.82
pandemic,403,0.04255555555555555,0.177026521770008,0.03320879120879121,0.34494456249272987,0.13333333333333333,calibrated,3.82
pandemic,404,0.03888888888888888,0.1679460065502763,0.005499438832772166,0.3391405905544789,0.4666666666666667,calibrated,3.82
pandemic,405,0.04277777777777778,0.16429689748279483,0.020206166757890894,0.33964026603190295,0.06666666666666667,calibrated,3.82
pandemic,406,0.04111111111111111,0.17687786043481216,0.02380436548837168,0.3455056086221994,0.26666666666666666,calibrated,3.82
