threshold,scenario,seed,move_rate,clustering,peer_colocation,target_inflow,chain_share,target_social_cost,housing_rejection,parameter_profile,beta_current_state_used
0.2,baseline,501,0.035972222222222225,0.18505503156203643,0.199375,0.0043055555555555555,0.06451612903225806,0.015109062661409153,0.0,calibrated,3.82
0.2,baseline,502,0.03541666666666666,0.17619054376614918,0.186875,0.004027777777777778,0.06896551724137931,-0.05931302938149749,0.0,calibrated,3.82
0.2,baseline,503,0.03319444444444444,0.17357332128277633,0.184375,0.00375,0.2222222222222222,-0.06308373914139069,0.0,calibrated,3.82
0.2,baseline,504,0.03388888888888889,0.1680627411799085,0.18729166666666666,0.005138888888888889,0.1891891891891892,-0.09079939833265109,0.0,calibrated,3.82
0.2,combined,501,0.04472222222222222,0.17200510901343996,0.193125,0.016666666666666666,0.35,-0.09567543386406646,0.058823529411764705,calibrated,3.82
0.2,combined,502,0.043194444444444445,0.17742413582324826,0.188125,0.01888888888888889,0.27941176470588236,-0.08770082474474906,0.08759124087591241,calibrated,3.82
0.2,combined,503,0.043194444444444445,0.20039245720468565,0.21229166666666666,0.020833333333333332,0.42,-0.12537653152635117,0.027972027972027972,calibrated,3.82
0.2,combined,504,0.04180555555555555,0.18581441450105918,0.198125,0.017222222222222222,0.20967741935483872,-0.09564607025831388,0.0967741935483871,calibrated,3.82
0.35,baseline,501,0.03875,0.17123181571271412,0.18354166666666666,0.005416666666666667,0.20512820512820512,0.016639704408043725,0.0,calibrated,3.82
0.35,baseline,502,0.03958333333333333,0.18178025430019015,0.19104166666666667,0.003472222222222222,0.08,0.020164154269169166,0.0,calibrated,3.82
0.35,baseline,503,0.0386111111111111,0.17764726716365506,0.18208333333333335,0.004583333333333333,0.12121212121212122,0.005101399641242729,0.0,calibrated,3.82
0.35,baseline,504,0.04083333333333333,0.17163897027396757,0.18791666666666668,0.005416666666666667,0.1282051282051282,-0.04939285030029191,0.0,calibrated,3.82
0.35,combined,501,0.051111111111111114,0.19730928383909696,0.20833333333333334,0.021666666666666667,0.33974358974358976,-0.11256356273070765,0.075,calibrated,3.82
0.35,combined,502,0.050277777777777775,0.20743067647166843,0.20770833333333333,0.02388888888888889,0.5116279069767442,-0.11210755920949698,0.17582417582417584,calibrated,3.82
0.35,combined,503,0.04416666666666667,0.1880357734183178,0.20270833333333332,0.017083333333333332,0.2845528455284553,-0.094039353055739,0.05785123966942149,calibrated,3.82
0.35,combined,504,0.04402777777777778,0.1950053898611383,0.20854166666666665,0.01986111111111111,0.3076923076923077,-0.11145129717355255,0.03007518796992481,calibrated,3.82
0.5,baseline,501,0.04736111111111111,0.19014393582468203,0.208125,0.005277777777777778,0.05263157894736842,-0.002347856450816026,0.0,calibrated,3.82
0.5,baseline,502,0.04180555555555556,0.17743604710932614,0.18854166666666666,0.004166666666666667,0.16666666666666666,-0.013760671641724611,0.06451612903225806,calibrated,3.82
0.5,baseline,503,0.041944444444444444,0.17542106919085773,0.188125,0.0043055555555555555,0.0,-0.008117055758287915,0.0,calibrated,3.82
0.5,baseline,504,0.042916666666666665,0.172764091203015,0.18875,0.006666666666666667,0.1875,-0.056823629727803575,0.0,calibrated,3.82
0.5,combined,501,0.056805555555555554,0.19996130032644827,0.21770833333333334,0.024305555555555556,0.4114285714285714,-0.12449929876890861,0.1794871794871795,calibrated,3.82
0.5,combined,502,0.05125,0.19333736143464886,0.20958333333333334,0.02277777777777778,0.3902439024390244,-0.09890824889480737,0.15254237288135594,calibrated,3.82
0.5,combined,503,0.04805555555555557,0.1943568179343029,0.20895833333333333,0.021111111111111112,0.3157894736842105,-0.11091126021357493,0.10191082802547771,calibrated,3.82
0.5,combined,504,0.049166666666666664,0.20030713150308999,0.21145833333333333,0.02236111111111111,0.37888198757763975,-0.13622533558054467,0.12352941176470589,calibrated,3.82
