,interaction,policy_intensity,target_inflow_rate,target_inflow_ci95,target_social_cost,chain_share,housing_rejection,dollar_per_mover,total_spend_per_agent_year,baseline_inflow,induced_inflow,avg_cost_per_induced_mover,marginal_inflow,marginal_spend,marginal_cost_per_additional_mover
0,medium,0.0,0.0047569444444443875,0.0007942208455895495,-0.004980895671214762,0.05605309959349593,0.0109375,0.0,0.0,0.0047569444444443875,0.0,,,,
1,medium,0.5,0.010659722222222175,0.0012174186247486665,-0.035652740482757336,0.24074288473415043,0.02865866583592975,5000.0,53.29861111111087,0.0047569444444443875,0.005902777777777787,9029.411764705828,0.005902777777777787,53.29861111111087,9029.411764705828
2,medium,1.0,0.021232638888888825,0.0012057940896091136,-0.10505129319234272,0.3618677609011484,0.06861727562760092,10000.0,212.32638888888826,0.0047569444444443875,0.01647569444444444,12887.249736564772,0.01057291666666665,159.02777777777737,15041.050903119853
3,medium,1.5,0.0388194444444444,0.0020245170622609082,-0.19467662314419623,0.5824707476497178,0.21620444672756883,15000.0,582.291666666666,0.0047569444444443875,0.03406250000000001,17094.801223241564,0.017586805555555574,369.9652777777777,21036.52517275417
4,medium,2.0,0.06072916666666665,0.003076943202723392,-0.2875476571794767,0.738652228248869,0.34994465717510254,20000.0,1214.583333333333,0.0047569444444443875,0.055972222222222257,21699.751861042165,0.021909722222222247,632.2916666666671,28858.954041204423
5,medium,2.5,0.08112847222222218,0.002495342054283005,-0.37563076740007884,0.7999734788561371,0.44091562551881824,25000.0,2028.2118055555545,0.0047569444444443875,0.0763715277777778,26557.172084564656,0.02039930555555553,813.6284722222215,39885.10638297873
6,medium,3.0,0.0933680555555555,0.0014285192924200372,-0.4295162373790422,0.8523154859188253,0.5374199890596564,30000.0,2801.0416666666647,0.0047569444444443875,0.08861111111111111,31610.501567398096,0.012239583333333318,772.8298611111102,63141.84397163121
7,medium,3.5,0.0983506944444444,0.0012966168376751872,-0.4554803241346457,0.8595336048448892,0.5960741896747128,35000.0,3442.274305555554,0.0047569444444443875,0.09359375000000002,36778.890743832286,0.0049826388888889045,641.2326388888891,128693.37979094041
8,medium,4.0,0.10123263888888884,0.0013589911462571034,-0.46808001585475223,0.861357460413104,0.6351577662607505,40000.0,4049.3055555555534,0.0047569444444443875,0.09647569444444445,41972.28720532659,0.002881944444444437,607.0312499999995,210632.53012048232
9,medium,5.0,0.10456597222222218,0.0011075484410759352,-0.48139525453858956,0.8598321835835008,0.6664292712869746,50000.0,5228.298611111109,0.0047569444444443875,0.0998090277777778,52383.02313445813,0.003333333333333341,1178.9930555555552,353697.91666666575
10,medium,6.0,0.10611111111111107,0.0010477871242254306,-0.49067734154005915,0.8510497507032613,0.6582403006189528,60000.0,6366.666666666664,0.0047569444444443875,0.10135416666666669,62816.03288797529,0.0015451388888888945,1138.3680555555557,736741.5730337052
11,strong,0.0,0.00482638888888885,0.0008967344808243853,-0.03188097505143605,0.08960179706740425,0.0171663160355306,0.0,0.0,0.00482638888888885,0.0,,,,
12,strong,0.5,0.010659722222222162,0.0008014631308244901,-0.06579315999570363,0.2308158636864579,0.03685984607115495,5000.0,53.298611111110816,0.00482638888888885,0.005833333333333313,9136.904761904743,0.005833333333333313,53.298611111110816,9136.904761904743
13,strong,1.0,0.024270833333333287,0.0013819170931933433,-0.12577989136484263,0.439435212251244,0.10297158971292579,10000.0,242.70833333333286,0.00482638888888885,0.019444444444444438,12482.142857142837,0.013611111111111124,189.40972222222206,13915.816326530587
14,strong,1.5,0.0422743055555555,0.0022325812703920755,-0.21379433690771116,0.6129479499922319,0.27494839197755455,15000.0,634.1145833333326,0.00482638888888885,0.03744791666666665,16933.240611961046,0.018003472222222216,391.4062499999997,21740.597878495653
15,strong,2.0,0.06446180555555553,0.004117167688806756,-0.3070292602597017,0.7497732404398819,0.42674707217545516,20000.0,1289.2361111111106,0.00482638888888885,0.05963541666666668,21618.631732168837,0.022187500000000027,655.121527777778,29526.604068857567
16,strong,2.5,0.08675347222222218,0.0023608886997291555,-0.40485786678069635,0.8368263116498289,0.5012265268303172,25000.0,2168.8368055555547,0.00482638888888885,0.08192708333333333,26472.769654587828,0.022291666666666654,879.6006944444441,39458.72274143303
17,strong,3.0,0.09560763888888887,0.0015944174209233271,-0.4443986665631516,0.8651568569701913,0.5739469608967078,30000.0,2868.229166666666,0.00482638888888885,0.09078125000000002,31594.951233505435,0.00885416666666669,699.3923611111113,78990.19607843118
18,strong,3.5,0.09901041666666663,0.0009235835990482235,-0.46024449829434466,0.8641714036454894,0.6160899740970872,35000.0,3465.364583333332,0.00482638888888885,0.09418402777777778,36793.548387096766,0.0034027777777777546,597.1354166666661,175484.69387755202
19,strong,4.0,0.1017534722222222,0.0012703554223710933,-0.47001725235874103,0.8639711113008833,0.6523333129463811,40000.0,4070.138888888888,0.00482638888888885,0.09692708333333334,41991.760702131454,0.002743055555555568,604.7743055555557,220474.68354430282
20,strong,5.0,0.10460069444444439,0.0012951305304519784,-0.48242933664704485,0.8511053034334182,0.6698768370664764,50000.0,5230.03472222222,0.00482638888888885,0.09977430555555554,52418.65321037061,0.0028472222222221955,1159.8958333333321,407378.0487804912
21,strong,6.0,0.1063020833333333,0.0015227420030232688,-0.49212519095742524,0.8571327305185432,0.6594359951816626,60000.0,6378.124999999998,0.00482638888888885,0.10147569444444444,62853.72112917021,0.001701388888888905,1148.0902777777783,674795.9183673408
22,weak,0.0,0.00468749999999995,0.0007124033273930348,-0.021400792373424262,0.0720689155701992,0.0037878787878787876,0.0,0.0,0.00468749999999995,0.0,,,,
23,weak,0.5,0.008888888888888839,0.0004847474629892872,-0.030735757595198025,0.12985391045735872,0.014567000669106512,5000.0,44.444444444444194,0.00468749999999995,0.004201388888888888,10578.512396694157,0.004201388888888888,44.444444444444194,10578.512396694157
24,weak,1.0,0.020017361111111062,0.001559609286447902,-0.09278966767234627,0.3362693528411447,0.0538806310373212,10000.0,200.17361111111063,0.00468749999999995,0.015329861111111112,13057.75764439408,0.011128472222222224,155.72916666666643,13993.759750389992
25,weak,1.5,0.034878472222222165,0.0008173764667510421,-0.16806636551506843,0.5167710583327495,0.16251286988992286,15000.0,523.1770833333325,0.00468749999999995,0.030190972222222216,17328.924669350177,0.014861111111111103,323.00347222222183,21734.813084112135
26,weak,2.0,0.05520833333333329,0.0026170770296015415,-0.25460283506067644,0.6907026653402148,0.2908889352479905,20000.0,1104.1666666666658,0.00468749999999995,0.05052083333333334,21855.670103092765,0.020329861111111125,580.9895833333334,28578.138343296312
27,weak,2.5,0.07451388888888884,0.0022812784702324605,-0.34292654203854395,0.7796104975089335,0.3884350690101391,25000.0,1862.847222222221,0.00468749999999995,0.06982638888888888,26678.269517652894,0.019305555555555548,758.6805555555552,39298.561151079135
28,weak,3.0,0.0889756944444444,0.0012596975705738214,-0.4055352496015039,0.8344609174855001,0.48898271079692224,30000.0,2669.270833333332,0.00468749999999995,0.08428819444444445,31668.383110195657,0.014461805555555568,806.4236111111111,55762.30492196874
29,weak,3.5,0.09628472222222219,0.0012030955541347914,-0.44609052751842915,0.855311757296999,0.5614299313547606,35000.0,3369.9652777777765,0.00468749999999995,0.09159722222222223,36791.129643669425,0.007309027777777782,700.6944444444443,95866.98337292155
30,weak,4.0,0.10003472222222218,0.0007337135432529234,-0.46540223253862534,0.8616356309090869,0.6145540602930599,40000.0,4001.3888888888873,0.00468749999999995,0.09534722222222222,41966.49672250545,0.0037499999999999895,631.4236111111109,168379.62962963004
31,weak,5.0,0.10437499999999997,0.0011154545734295485,-0.48030302096920796,0.8568506400483532,0.6599098161590202,50000.0,5218.749999999998,0.00468749999999995,0.09968750000000001,52351.09717868336,0.00434027777777779,1217.3611111111109,280479.9999999991
32,weak,6.0,0.10649305555555551,0.0013679084487347468,-0.48935737580862176,0.8542395880249699,0.6548259859491536,60000.0,6389.58333333333,0.00468749999999995,0.10180555555555555,62762.61937244199,0.0021180555555555397,1170.8333333333321,552786.8852459053
