,interaction,policy,target_inflow_rate,mover_origin_attachment,social_cost,chain_share,housing_rejection,job_rejection,clustering,peer_colocation,social_utility_index
0,medium,baseline,0.0046006944444444,0.1185629946791845,-0.0190207831685887,0.057394957273006,0.0032894736842105,0.1996573690131108,0.1774990179122453,0.1869270833333333,0.3480402923807431
1,medium,combined,0.0215104166666666,0.1147302404862892,-0.1223612029678993,0.3978737033577479,0.0926494345335565,0.1234244914298883,0.1991363768159479,0.2147395833333333,0.3695082760907802
2,medium,employment,0.0102777777777777,0.1176347630167302,-0.0550692790048551,0.1875665404841108,0.0885994965225765,0.1239777587296037,0.1800717115360381,0.1873697916666666,0.3517101571535547
3,medium,housing,0.0096354166666666,0.112221993259379,-0.0572652824612246,0.1995566082637404,0.0173079359907316,0.2004986363413241,0.1768101634630459,0.1826822916666666,0.3503207347710035
4,strong,baseline,0.0050694444444444,0.125631388439447,-0.0149373723895035,0.0959505651353477,0.0056818181818181,0.2005788776427747,0.1846501415321769,0.1988541666666666,0.3535105780708245
5,strong,combined,0.0246006944444444,0.1154377510399761,-0.1310948138728216,0.4624160434977769,0.1321491958831214,0.1211497542359796,0.218938789310817,0.2395052083333333,0.3818994309315619
6,strong,employment,0.012048611111111,0.1177111732030884,-0.0656219336789007,0.2622997808894786,0.1367106793866317,0.1220761296122686,0.1853613827866557,0.2012760416666666,0.3560929277190878
7,strong,housing,0.0108680555555555,0.1082813662796919,-0.0759722404399604,0.2595106137098873,0.0121393011161846,0.2002158014129376,0.1804776488108225,0.1958072916666666,0.3548383044774993
8,weak,baseline,0.0045312499999999,0.1455484337086408,0.0173392948300928,0.083478513356562,0.0046296296296296,0.1999947146183182,0.1677540668180789,0.1713281249999999,0.3414777019775364
9,weak,combined,0.0200868055555555,0.1232541516632351,-0.0937416800997857,0.3675555881287373,0.0771369783585189,0.1228695119446637,0.189860275836067,0.2015624999999999,0.3643865279900578
10,weak,employment,0.010329861111111,0.1236447227739124,-0.0449167169150589,0.2052014596568434,0.103959015066178,0.123999217188202,0.1708368805577495,0.1771874999999999,0.3470395352924302
11,weak,housing,0.0084027777777777,0.1293350319327651,-0.0259560188452843,0.1746824633119948,0.0,0.199905631972936,0.1680892798666706,0.1708333333333332,0.3445052419589382
