,lever,interaction,baseline,gain_at_1,gain_at_max,fitted_ceiling_gain,half_response_K,hill_n,share_of_ceiling_at_max,response90_median,steepest_low_median
0,combined,medium,0.0047569444444443875,0.01647569444444444,0.10135416666666669,0.10435580528604643,1.8940593796496228,3.342077130145769,0.9712364960324723,3.5,1.5
1,combined,strong,0.00482638888888885,0.019444444444444438,0.10147569444444444,0.10399635370842576,1.7866980852796772,3.306105381675795,0.9757620418976565,3.5,2.0
2,combined,weak,0.00468749999999995,0.015329861111111112,0.10180555555555555,0.106211599519344,2.0425102960624524,3.1564872130166766,0.9585163580651472,4.0,1.5
3,employment,medium,0.0047569444444443875,0.0031076388888889002,0.015069444444444465,0.017346092329287573,2.20280371482308,1.6888006747867448,0.8687515411756941,5.0,1.0
4,employment,strong,0.00482638888888885,0.004027777777777751,0.0153298611111111,0.018521229105420183,2.1572736935819052,1.4787508968096534,0.8276913494161605,5.0,1.0
5,employment,weak,0.00468749999999995,0.0031423611111111114,0.014583333333333325,0.01747180445354754,2.3398321758996827,1.7095579088762,0.8346781451284083,5.0,1.0
6,housing,medium,0.0047569444444443875,0.002118055555555563,0.03347222222222222,1.3357801075593576,35.506834231706506,2.0885319608693935,0.02505818287965097,6.0,5.0
7,housing,strong,0.00482638888888885,0.0025520833333333255,0.04237847222222221,1.4242354701485342,32.02749517235417,2.0974781119123684,0.029755242802513928,6.0,5.0
8,housing,weak,0.00468749999999995,0.0013368055555555624,0.026284722222222237,1.2634779608766245,44.18693597098979,1.9438516656020592,0.020803467124970988,6.0,3.5
9,migration_incentive,medium,0.0047569444444443875,0.0033333333333333505,0.016267361111111114,0.018916398564364334,2.341482084995183,1.7893634088867785,0.8599607930526686,5.5,1.5
10,migration_incentive,strong,0.00482638888888885,0.003802083333333337,0.016128472222222214,0.01824938277171697,2.0360323393104194,1.7225555454585646,0.8837817927309981,5.0,1.0
11,migration_incentive,weak,0.00468749999999995,0.002968750000000025,0.016024305555555562,0.019765418555643108,2.7125360944731973,1.7351428850927497,0.8107243218980839,5.5,1.0
