,model,policy,effect_internal,effect_total,multiple_total,housing_rejection
0,closed,housing,0.005034722222222199,0.005034722222222199,2.094339622641515,0.0173079359907316
1,open (scaled),housing,0.005416666666666663,0.011718749999999998,1.936199722607494,0.0028993710618762125
2,open (shared),housing,0.00526041666666665,0.009878472222222236,1.7304236200256786,0.2221110969857672
3,closed,employment,0.0056770833333333,0.0056770833333333,2.233962264150948,0.0885994965225765
4,open (scaled),employment,0.006701388888888875,0.014305555555555587,2.142857142857151,0.07235770129727198
5,open (shared),employment,0.00506944444444445,0.0010763888888889132,1.0795892169448031,0.5716630234830978
6,closed,combined,0.0169097222222222,0.0169097222222222,4.675471698113238,0.0926494345335565
7,open (scaled),combined,0.019288194444444448,0.03788194444444445,4.0263522884882255,0.03932649600868547
8,open (shared),combined,0.015381944444444424,0.014670138888888924,2.084724005134796,0.5222182175740182
