,policy,metric,strong_minus_weak_policy_effect,ci95_half_width,mde_80pct_power,seeds_for_observed_effect
0,housing,d_target_inflow_rate,0.0019270833333332,0.0020551454678899,0.0028339039794655504,15
1,housing,d_target_social_cost,-0.0177395543750797,0.032432553684898,0.044722256593461955,40
2,housing,d_target_chain_share,0.0723560986191068,0.0599431683874885,0.08265749850276671,10
3,housing,d_coorigin_clustering,-0.004507705769946,0.0071115685682988,0.009806362995139463,30
4,employment,d_target_inflow_rate,0.0011805555555555,0.0022795892597303,0.003143396501917456,44
5,employment,d_target_social_cost,0.0115714504557546,0.0375584565832077,0.0517905234625652,121
6,employment,d_target_chain_share,0.0446262694538494,0.0531527879241153,0.07329403177114101,18
7,employment,d_coorigin_clustering,-0.0023715724851918,0.005871774975089,0.008096773064690137,71
8,combined,d_target_inflow_rate,0.0039756944444444,0.0024980421198995,0.0034446279424318613,7
9,combined,d_target_social_cost,-0.0050764665534395,0.0302162969636934,0.04166619129790524,400
10,combined,d_target_chain_share,0.0823884035902539,0.10219829648898,0.14092440833985598,20
11,combined,d_coorigin_clustering,0.012182438760652,0.009878202511606,0.013621360553299067,10
