,target_state,interaction,baseline,gain_at_1,gain_at_max,fitted_ceiling_gain,half_response_K,hill_n,share_of_ceiling_at_max,response90_median,steepest_low_median,housing_capacity_index,rent_index,vacancy_rate,youth_pop_weight,gain_relative_to_baseline,housing_rejection_at_max
0,CA,medium,0.006857638888888825,0.02449652777777779,0.08675347222222222,0.08767485572825852,1.3896863146448923,3.1083137070894886,0.989490903653243,3.0,1.0,0.7683947744282685,1.259165613147914,0.07198706562907556,2.147101980472041,12.650632911392524,0.5066122214268308
1,CA,strong,0.008489583333333274,0.03015625000000003,0.08500000000000002,0.08561936876579704,1.2121575814906382,2.9720737532469528,0.9927660204142449,3.0,1.0,0.7683947744282685,1.259165613147914,0.07198706562907556,2.147101980472041,10.012269938650379,0.5111320531451399
2,CA,weak,0.005052083333333275,0.019149305555555572,0.08847222222222224,0.09037878433246488,1.6099063803880227,3.1192981639728647,0.9789047604000823,3.0,1.25,0.7683947744282685,1.259165613147914,0.07198706562907556,2.147101980472041,17.512027491409142,0.5035659069480691
3,FL,medium,0.008003472222222176,0.02779513888888889,0.09932291666666668,0.10044285289251786,1.4117010866059156,2.956952879410131,0.9888500157691696,3.0,1.0,1.5170065107984232,1.086599241466498,0.1421207573071224,1.0781756077024742,12.409978308026103,0.6252548456678816
4,FL,strong,0.00888888888888885,0.032656250000000005,0.09838541666666667,0.09890276642063797,1.271058207491697,2.909919408119798,0.9947691073496266,3.0,1.0,1.5170065107984232,1.086599241466498,0.1421207573071224,1.0781756077024742,11.068359375000048,0.624039144764651
5,FL,weak,0.006527777777777725,0.02515625000000001,0.10055555555555555,0.1034321739666594,1.580683933231692,2.8477666703354836,0.9721883597648145,3.5,1.5,1.5170065107984232,1.086599241466498,0.1421207573071224,1.0781756077024742,15.40425531914906,0.6202746123023519
6,IL,medium,0.003246527777777725,0.010347222222222225,0.10366319444444447,0.10977499915417165,2.497312397522025,3.7372721058319174,0.9443242563714935,4.0,2.5,0.7793550508499755,0.7825537294563844,0.073013879142571,0.6545925250569766,31.930481283422985,0.7175442895174401
7,IL,strong,0.0029861111111110627,0.01145833333333335,0.10446180555555558,0.10982120137456255,2.4511233996915083,3.781421008106732,0.9511988964614592,4.0,2.5,0.7793550508499755,0.7825537294563844,0.073013879142571,0.6545925250569766,34.982558139535456,0.7180889070332634
8,IL,weak,0.0028993055555555126,0.00960069444444445,0.1043576388888889,0.11147507022388126,2.5922554617586244,3.5757378439790193,0.936152259687318,4.0,2.5,0.7793550508499755,0.7825537294563844,0.073013879142571,0.6545925250569766,35.99401197604844,0.714194479009
9,MA,medium,0.0027951388888888627,0.008680555555555525,0.10348958333333332,0.11474405002410837,3.0892496644557563,3.7278895172691118,0.9019167731275789,5.0,3.0,0.8581785063503853,1.1106194690265487,0.08039845469286741,0.38307942269124773,37.024844720497235,0.7750255267067178
10,MA,strong,0.002482638888888825,0.008524305555555573,0.10461805555555558,0.11492559642373447,3.044839046795412,3.768887630525111,0.910311182287237,4.5,3.0,0.8581785063503853,1.1106194690265487,0.08039845469286741,0.38307942269124773,42.139860139861234,0.7753234728332377
11,MA,weak,0.0026736111111110624,0.007951388888888888,0.10359375000000001,0.1160212218551315,3.176831107621512,3.740002923607638,0.892886218086473,5.0,3.0,0.8581785063503853,1.1106194690265487,0.08039845469286741,0.38307942269124773,38.746753246753954,0.7746950375417083
12,NC,medium,0.00326388888888885,0.012100694444444424,0.1051388888888889,0.11043661405881898,2.305749374374884,3.5374336440646705,0.9520292684171893,4.0,2.5,1.2573213991146268,0.7869785082174463,0.11779215721794987,0.5721586200601004,32.212765957447196,0.725875725144351
13,NC,strong,0.0036805555555555,0.012083333333333349,0.10538194444444446,0.10938763429985011,2.2053071719535042,3.5515522255124314,0.9633807799113254,3.75,2.25,1.2573213991146268,0.7869785082174463,0.11779215721794987,0.5721586200601004,28.63207547169855,0.7262437591157418
14,NC,weak,0.0031423611111110624,0.011736111111111124,0.10539930555555556,0.11222795427210111,2.4472755008796545,3.409599283651621,0.9391537628852324,4.0,2.5,1.2573213991146268,0.7869785082174463,0.11779215721794987,0.5721586200601004,33.54143646408892,0.7241900088110266
15,NY,medium,0.0047569444444443875,0.01647569444444444,0.10135416666666669,0.10435580528604643,1.8940593796496228,3.342077130145769,0.9712364960324723,3.5,1.5,1.0165072179113221,0.9867256637168141,0.09523148027998785,1.0368228369372081,21.306569343065952,0.6582403006189528
16,NY,strong,0.00482638888888885,0.019444444444444438,0.10147569444444444,0.10399635370842576,1.7866980852796772,3.306105381675795,0.9757620418976565,3.5,2.0,1.0165072179113221,0.9867256637168141,0.09523148027998785,1.0368228369372081,21.02517985611528,0.6594359951816626
17,NY,weak,0.00468749999999995,0.015329861111111112,0.10180555555555555,0.106211599519344,2.0425102960624524,3.1564872130166766,0.9585163580651472,4.0,1.5,1.0165072179113221,0.9867256637168141,0.09523148027998785,1.0368228369372081,21.71851851851875,0.6548259859491536
18,TX,medium,0.0066145833333333005,0.025572916666666667,0.09243055555555554,0.09318963260671666,1.3847809182835353,3.046049524510614,0.9918544903555462,3.0,1.0,0.976710712216913,0.893173198482933,0.09150314458254258,1.700163417656764,13.973753280839963,0.5582617274294756
19,TX,strong,0.007482638888888837,0.03265625,0.09112847222222223,0.09219990130548965,1.2261535278015356,2.8532954175228444,0.9883792816684541,2.5,1.0,0.976710712216913,0.893173198482933,0.09150314458254258,1.700163417656764,12.178654292343472,0.5612797566487836
20,TX,weak,0.006145833333333288,0.020659722222222197,0.09293402777777779,0.09471420000874989,1.5823473368783327,3.055157300300923,0.9812048010667076,3.5,1.0,0.976710712216913,0.893173198482933,0.09150314458254258,1.700163417656764,15.121468926553787,0.5562796492868001
21,WA,medium,0.002847222222222175,0.00850694444444445,0.10345486111111112,0.11191525509555682,2.922333315205279,3.9443973203773277,0.924403567885165,5.0,3.0,0.826525828330086,1.0941845764854614,0.07743307350364904,0.42790558942318807,36.33536585365914,0.7727378396677367
22,WA,strong,0.0029340277777777247,0.009131944444444451,0.10378472222222225,0.11312328200451983,2.9303321922190158,3.79091839396163,0.9174479416012306,5.0,3.0,0.826525828330086,1.0941845764854614,0.07743307350364904,0.42790558942318807,35.372781065089406,0.7697177431210867
23,WA,weak,0.00324652777777775,0.007482638888888875,0.10277777777777779,0.11314649714699808,3.0156683939164206,3.7493284990357196,0.9083602265145742,5.0,3.0,0.826525828330086,1.0941845764854614,0.07743307350364904,0.42790558942318807,31.65775401069546,0.7727512599791801
