age,weighted_population,weighted_interstate_movers,unweighted_population,unweighted_interstate_movers,move_rate
18,1984453,89650,20949,1487,0.045176177012002806
19,1926402,99343,20745,1503,0.051569194799424005
20,1891447,60675,18593,813,0.032078614944008474
21,1874846,62336,17468,655,0.033248597484806755
22,1899336,88160,17048,853,0.04641622124784662
23,2008435,104894,17163,926,0.05222673375040766
24,1960233,105539,16842,887,0.0538400282007292
25,1972421,96942,17288,880,0.04914873650199425
26,1983682,89898,17492,778,0.045318755727984626
27,1983629,87698,17697,722,0.044210888225570406
28,2051579,82834,18212,719,0.040375730108370186
29,2042036,82769,18297,717,0.04053258610524006
30,2187257,70427,19093,629,0.03219877682412264
31,2111883,64463,19007,575,0.03052394474504506
32,2166069,61063,19639,574,0.02819069937291933
33,2185598,68198,19823,601,0.031203359446705204
34,2158685,53395,19832,493,0.024734965963074743
35,2162532,47894,19575,461,0.02214718672371091
