interaction,policy,target_inflow_rate,mover_origin_attachment,social_cost,chain_share,housing_rejection,job_rejection,clustering,peer_colocation,social_utility_index
medium,baseline,0.005052083333333312,0.13617556470390774,-0.005087301780690138,0.0946329541917777,0.007603686635944687,0.1996448680725601,0.16565960756573508,0.16929687499999996,0.3407108071112679
medium,combined,0.023593749999999962,0.12565471172884732,-0.10870116309089457,0.4308046148616787,0.11876785565918793,0.12306317270828247,0.19640495840701033,0.21101562499999998,0.3682695025501393
medium,employment,0.010659722222222175,0.12941103028719733,-0.04784494376006486,0.2392934526589085,0.10437244707031913,0.12337274587529468,0.16611194421514863,0.1751302083333333,0.34522298557026765
medium,housing,0.011128472222222187,0.13287802414122246,-0.04648793586987275,0.20782776222487978,0.007994290164108662,0.20024838655643332,0.16522046344231692,0.17333333333333328,0.34509452462799955
strong,baseline,0.0053645833333333,0.12032928268756946,-0.025401519982012025,0.13475143151867283,0.0035714285714285626,0.2005250212162824,0.17153725225229155,0.1791145833333333,0.3451512144968919
strong,combined,0.025677083333333288,0.1185209125619547,-0.13594238911986964,0.45671388369886823,0.1422595503299564,0.1226222651388817,0.2126318520757875,0.23682291666666663,0.3796486651724712
strong,employment,0.011927083333333288,0.1222231796307833,-0.061269737193427654,0.2396426621640555,0.11330160446129436,0.12574832164929495,0.17030826662679258,0.18265624999999996,0.3477675672908359
strong,housing,0.011128472222222175,0.11976352211829608,-0.055928624581684586,0.21203150599166593,0.014503603348709787,0.19973147326014185,0.17454699753028413,0.18492187499999999,0.350734651007898
weak,baseline,0.004809027777777738,0.1366688813256609,0.008431767148874225,0.13374359165840957,0.006944444444444437,0.20019351437545208,0.15787545801250846,0.16065104166666663,0.33619867930630615
weak,combined,0.020486111111111063,0.1292452221839414,-0.09036178704445108,0.3412137611388583,0.07940024756309885,0.122301962216018,0.18559452891483577,0.19854166666666664,0.3626572049198602
weak,employment,0.01013888888888885,0.13852865442057266,-0.03328215528514866,0.17934438885443735,0.11839976274394812,0.12586874545962917,0.16090836364776706,0.16510416666666664,0.3404930580220257
weak,housing,0.0097395833333333,0.1276334869543742,-0.03452914088482666,0.1935674668688587,0.008004610655737699,0.19970831172081027,0.16192534680667267,0.1648958333333333,0.34100176744341204
