policy,metric,strong_minus_weak_policy_effect,ci95_half_width,interaction,seed,d_target_inflow_rate,d_target_social_cost,d_target_chain_share,d_coorigin_clustering
housing,d_target_inflow_rate,0.0008,0.0017,,,,,,
housing,d_target_social_cost,0.0124,0.0255,,,,,,
housing,d_target_chain_share,0.0175,0.1284,,,,,,
housing,d_coorigin_clustering,-0.001,0.0109,,,,,,
employment,d_target_inflow_rate,0.0012,0.0017,,,,,,
employment,d_target_social_cost,0.0058,0.0197,,,,,,
employment,d_target_chain_share,0.0593,0.0822,,,,,,
employment,d_coorigin_clustering,-0.0043,0.0123,,,,,,
combined,d_target_inflow_rate,0.0046,0.0016,,,,,,
combined,d_target_social_cost,-0.0117,0.0207,,,,,,
combined,d_target_chain_share,0.1145,0.0533,,,,,,
combined,d_coorigin_clustering,0.0134,0.0123,,,,,,
housing,,,,medium,201.0,0.005555555555555499,-0.0222780829864462,0.1340805313408053,-7.884781931399854e-05
housing,,,,medium,202.0,0.0052777777777778005,-0.0820679016585952,0.12009803921568629,-0.0020271086580964937
housing,,,,medium,203.0,0.007638888888888901,-0.008692431740617797,0.025396825396825404,0.0008406417583984027
housing,,,,medium,204.0,0.007222222222222199,-0.025795146634819997,0.07859848484848489,-0.003064889065760995
housing,,,,medium,205.0,0.0054166666666667,-0.055347447643155696,0.0917107583774251,0.004863036565876305
housing,,,,medium,206.0,0.0069444444444444,-0.0169503095269189,0.1792717086834733,0.004145484464056687
housing,,,,medium,207.0,0.0059722222222222,-0.0758207728634513,0.21164021164021168,-0.010791741623882495
housing,,,,medium,208.0,0.0045833333333333,-0.0442529796594558,0.0647619047619048,0.002600271391377307
employment,,,,medium,201.0,0.0056944444444444,-0.059874090472324795,0.19942669942669938,0.000775965709134685
employment,,,,medium,202.0,0.0055555555555555,-0.0471467271247491,0.11446740858505569,-0.004957309225297607
employment,,,,medium,203.0,0.0063888888888889,0.0012132148968551984,0.13650793650793652,0.0016873510883121945
employment,,,,medium,204.0,0.00375,-0.038300367997243304,0.07170294494238158,0.0011070171600355005
employment,,,,medium,205.0,0.0045833333333333,0.004551281102079002,0.1638095238095238,-0.004854411590906299
employment,,,,medium,206.0,0.0079166666666666,-0.06470557051450251,0.24886877828054302,0.004216284393383007
employment,,,,medium,207.0,0.00625,-0.10232409122218131,0.12037037037037039,-0.0021871341700251956
employment,,,,medium,208.0,0.004722222222222201,-0.035474784502931,0.1021303258145363,0.007830929830672018
combined,,,,medium,201.0,0.0176388888888889,-0.0871178617937317,0.40094696969696975,0.02812713712826989
combined,,,,medium,202.0,0.0188888888888889,-0.1266524491685908,0.32352941176470595,0.028650817891437308
combined,,,,medium,203.0,0.017916666666666598,-0.0734061075270098,0.3289198606271777,0.029963834056823818
combined,,,,medium,204.0,0.019722222222222197,-0.11250140342982619,0.2644183773216031,0.0387263491783153
combined,,,,medium,205.0,0.0175,-0.0776394342473603,0.2619047619047619,0.029358095863441014
combined,,,,medium,206.0,0.0198611111111111,-0.1036897889492995,0.4101030242605517,0.04503499866297889
combined,,,,medium,207.0,0.01875,-0.1636812196833062,0.3703703703703704,0.020816174277064003
combined,,,,medium,208.0,0.0180555555555555,-0.084222625682511,0.32918050941306753,0.025285399671871822
housing,,,,strong,201.0,0.004861111111111101,-0.049014462488055195,0.1061422413793104,0.010019410100015225
housing,,,,strong,202.0,0.004722222222222199,-0.0184230805158987,0.22756680731364282,-0.006331331633325388
housing,,,,strong,203.0,0.008333333333333401,-0.1002884175152503,0.1103896103896104,0.0013803272299120761
housing,,,,strong,204.0,0.006527777777777801,-0.0449532928150148,0.03424291064740509,0.010660909924945505
housing,,,,strong,205.0,0.0040277777777777,-0.022561128463603003,-0.002102102102102099,0.017696713586254104
housing,,,,strong,206.0,0.005555555555555499,0.0197169664466358,-0.1568627450980392,-6.678843914428856e-05
housing,,,,strong,207.0,0.006388888888888799,-0.022857065267583302,0.25271002710027113,-0.006427619357861014
housing,,,,strong,208.0,0.005694444444444499,-0.005836356178611002,0.04615384615384621,-0.002853659186855595
employment,,,,strong,201.0,0.0086111111111111,-0.0461363876451014,0.31716559302766206,-0.003848080577477181
employment,,,,strong,202.0,0.0066666666666666,-0.040311355123362,0.1261648745519714,-0.007030020236435591
employment,,,,strong,203.0,0.008472222222222301,-0.0907892188237656,0.1757624398073836,0.0035609256115364807
employment,,,,strong,204.0,0.0061111111111111,-0.060956199608976004,-0.016057585825027615,0.012223639570723893
employment,,,,strong,205.0,0.005277777777777699,-0.0414726263979136,0.027041499330656,0.002681891433636119
employment,,,,strong,206.0,0.0075,-0.0007459223251932018,-0.0505050505050505,-0.004391399579829702
employment,,,,strong,207.0,0.0045833333333332995,-0.0285131182587047,0.2185990338164252,-0.014452023636769618
employment,,,,strong,208.0,0.0052777777777778005,0.0219790904916915,0.04095904095904099,0.0014231824106236968
combined,,,,strong,201.0,0.0230555555555556,-0.1286841508024276,0.46808134394341294,0.0490084974606719
combined,,,,strong,202.0,0.0198611111111111,-0.10402943635588299,0.38451536643026013,0.0355389485676221
combined,,,,strong,203.0,0.0225,-0.1535053894814143,0.3496240601503759,0.044967417836424994
combined,,,,strong,204.0,0.0208333333333333,-0.15154119889026701,0.2730654761904763,0.046715991006962804
combined,,,,strong,205.0,0.019444444444444403,-0.09691475986907161,0.23303303303303308,0.0511935335350395
combined,,,,strong,206.0,0.022361111111111102,-0.09030997419973862,0.20550161812297735,0.06219595323216601
combined,,,,strong,207.0,0.0163888888888888,-0.0705499395564944,0.3423520923520924,0.011148443532911195
combined,,,,strong,208.0,0.0180555555555556,-0.0887921039475644,0.3195266272189349,0.027988013416169105
housing,,,,weak,201.0,0.0086111111111111,-0.0683820824318702,0.2823529411764706,0.018552559141907676
housing,,,,weak,202.0,0.004305555555555499,-0.0287957275714539,0.010364842454394618,0.007975408686574703
housing,,,,weak,203.0,0.005555555555555599,-0.056190322516134705,0.11249999999999999,0.0004330119069194116
housing,,,,weak,204.0,0.004027777777777799,-0.0634908718596196,0.12215239591516111,-0.013439570288296898
housing,,,,weak,205.0,0.003888888888888901,-0.0035785743827304005,-0.0603174603174603,0.007761226338390492
housing,,,,weak,206.0,0.004583333333333401,-0.024718111870516,0.006349206349206299,0.0006818699425776842
housing,,,,weak,207.0,0.004861111111111099,-0.0678884748665861,0.040578358208955195,0.008443722779253898
housing,,,,weak,208.0,0.0036111111111110997,-0.0306430987706962,-0.035389282103134495,0.0019908818459866973
employment,,,,weak,201.0,0.005555555555555601,-0.0405498969867267,0.238095238095238,0.00792484417657488
employment,,,,weak,202.0,0.005833333333333301,-0.0380539186644918,0.027777777777777707,0.011161380896200418
employment,,,,weak,203.0,0.0030555555555556004,-0.056016133100048396,0.0362903225806451,-0.0015732926448472906
employment,,,,weak,204.0,0.0059722222222223,-0.062279549291358496,0.11533463287849252,-0.009825833896096398
employment,,,,weak,205.0,0.0062499999999999995,-0.06041352888590509,0.02857142857142861,0.005647745883193195
employment,,,,weak,206.0,0.007222222222222199,-0.018104670791448604,-0.0536585365853659,0.0022983520430202853
employment,,,,weak,207.0,0.0045833333333333,-0.033221164861243394,0.044711538461538414,0.010540946844902394
employment,,,,weak,208.0,0.0041666666666666,-0.0250725168909606,-0.0723160242115323,-0.0019108982208786984
combined,,,,weak,201.0,0.018194444444444402,-0.1124068823495819,0.2987012987012987,0.02932944067804588
combined,,,,weak,202.0,0.014444444444444399,-0.0989279202956115,0.2325396825396825,0.028547454332445404
combined,,,,weak,203.0,0.016527777777777797,-0.1155689906504071,0.2586477987421384,0.02882211378427199
combined,,,,weak,204.0,0.0155555555555556,-0.11226449738840519,0.20842105263157903,0.013752442198153886
combined,,,,weak,205.0,0.0161111111111111,-0.08618171959663319,0.192809839167455,0.03732497299794191
combined,,,,weak,206.0,0.0170833333333334,-0.0849296814460778,0.08104575163398686,0.046986661711544586
combined,,,,weak,207.0,0.0158333333333333,-0.11071757650528069,0.2898116438356164,0.029369946314662304
combined,,,,weak,208.0,0.011666666666666601,-0.0693511653146051,0.097784288591833,0.0076195352015525075
