scale,heldout_origin,weighted_rmse
0.25,CA,0.09664199085962263
0.25,TX,0.07640653539545361
0.25,NY,0.10651121214194735
0.25,FL,0.040073973376293634
0.25,MA,0.06632326734266974
0.25,NC,0.04487904671236772
1.0,CA,0.0951014996706865
1.0,TX,0.08235484967252016
1.0,NY,0.13104418659675346
1.0,FL,0.053699581925826405
1.0,MA,0.07930720732094172
1.0,NC,0.077439108606118
4.0,CA,0.09610146344257656
4.0,TX,0.09716020209772804
4.0,NY,0.1509536512152702
4.0,FL,0.06421465361436822
4.0,MA,0.09690341788855515
4.0,NC,0.10728426969977048
