beta_income,beta_jobs,beta_rent,beta_distance,beta_education,beta_childcare
0.9303358977858258,1.236066114971299,0.49490070793421015,0.4416334509080134,0.47175272556630915,0.5381309179225169
1.0547840846369891,1.2286472208260029,0.3619686643845128,0.6566357158954085,0.48621749394403435,0.5294030256981185
1.040231313500691,1.2278818383283758,0.31753405706929855,0.5990222180167913,0.49005346502450736,0.5290952473809858
1.2157136083205755,1.21985435866485,0.13197817864310324,0.7179908418892438,0.5243478293289972,0.5171930801129786
1.237555659580519,1.2229471356804391,0.11641137912299201,0.7455977618580674,0.5339380909151694,0.5170329690385292
0.8786968090330276,1.238569101583506,0.5457910927978327,0.2633025313789803,0.48547538880244456,0.5433951872151422
1.157520244587481,1.2219370402777443,0.12641888596142897,0.541506724220925,0.5310073408144592,0.5143187412125537
1.036775368799703,1.2257506927428887,0.3205779128384186,0.5799191362298112,0.5110254630861736,0.5316076570341185
0.9159551567445916,1.2345242999331891,0.4696542263394851,0.3202268452544182,0.4897736535231963,0.5368787634212102
0.8668847650676924,1.2397679578307772,0.536211775647582,0.4000261116732297,0.4625904210373595,0.5434225843578874
1.026647414373563,1.2313483564591445,0.4030568779518077,0.5314184792119945,0.4734926906859246,0.5341549831800992
1.2054739001104218,1.217867955856122,0.03564692294398171,0.697468197838969,0.5302786767028435,0.5173274440902944
1.0965260703304103,1.2292315962473968,0.36062316026579044,0.6790780371246317,0.48118575041137,0.5286423346219993
0.7308939683186311,1.2473738693441612,0.6893810577104396,0.2362409249848979,0.4481996505670024,0.5529130513809402
1.060747423019237,1.2325336313822324,0.4244811517440776,0.5297121928009904,0.4836310208774918,0.5298837912041077
0.9047994661497102,1.2430411659771183,0.7641250963424484,0.4363116651391726,0.4368455763070139,0.5407412655328218
0.894611378037187,1.2425012606528683,0.6385959596232795,0.5465107050855564,0.43202548788825784,0.5433447352737263
1.129495042013959,1.222887922606618,0.18400902499289679,0.5899660687360939,0.5117041869693889,0.5273089157174448
1.1382177967653595,1.2258932593219043,0.2304531112861869,0.3402714976574105,0.5210147204805967,0.4999848368148847
1.1322789326492293,1.2248028850765094,0.3595526630755861,0.6910118652120296,0.4931632713805729,0.523816160770493
1.0553817012978883,1.2264573160422352,0.22643332844494554,0.5793193687173802,0.5004474905242465,0.5272445634560509
1.040574521792222,1.2282864266058777,0.3063049427896074,0.3024583274962756,0.5198497096145244,0.5279356416562414
0.9571107332043682,1.234563842649034,0.49930837042149856,0.48791239019540833,0.4673250353581947,0.537783747035664
1.1181983016486625,1.2224649936714396,0.1491121317582305,0.6890072960513545,0.5071393511842819,0.5206352382046658
0.9872734086814895,1.2329469032607057,0.43632908138588733,0.47723059730350154,0.47765984589611427,0.536782036189633
0.9342670688132235,1.234783199028471,0.4689878354483819,0.3149960500718586,0.4874046974499423,0.5316892156715148
1.0881055370078871,1.2295909829455742,0.3940299595724313,0.5104904082013332,0.4867144121593347,0.5267092266311684
1.0115770570219111,1.234782113511876,0.5065674268291092,0.5659470783219508,0.46034752187574274,0.5352380484538908
1.1227864658664086,1.2231718280322819,0.1943752435648686,0.3638014034394908,0.5282716021186247,0.5088574866081511
1.287035706405626,1.2184311314233072,0.10778221159065016,0.6893999935026548,0.5232626770063579,0.511106638291614
1.0402313135040544,1.2278818383288097,0.31753405706758664,0.5990222180113228,0.49005346502896113,0.5290952473801703
1.2178286002151861,1.2181750918726502,0.03698484956017484,0.5070758765374772,0.546409165438876,0.5093579792003345
1.109907842721095,1.2267027771523804,0.26300545483429144,0.46232017146180104,0.5041120092340415,0.515834255437092
1.2628716823013484,1.213130044301788,0.0,0.5967696482872121,0.5472921699488575,0.5074115884685674
1.0775645783083272,1.2259622802008627,0.2510831408740461,0.5990354288398506,0.5022125448463144,0.5271625099574332
0.994394577524664,1.2340919396306498,0.4326188895963534,0.437849225989113,0.4817780140613122,0.531554686139299
1.1624994360219836,1.2215181637770702,0.12051758172621092,0.7294728084263583,0.5140258237555787,0.5238872237335732
0.8674535670344727,1.2398338433926606,0.4401635530876536,0.15120522499344694,0.48593713007192413,0.531335604901373
1.0256411989864798,1.22652642686388,0.2677465566200351,0.5201841765430434,0.510006265914563,0.5310598352725666
1.2272829647078267,1.213148569482263,0.0,0.6022930022781506,0.5490146293656453,0.5005988848325144
1.1037722295368495,1.224890526701517,0.264115594870069,0.5817570380141465,0.5193048799405424,0.5247514423112302
1.2005535572744326,1.219589071476531,0.18502890504471187,0.6495621915363043,0.523846552753818,0.5170271321577822
0.9635704705858296,1.2356950980984243,0.4932579565883228,0.5179473332955538,0.4603365408890601,0.5351876820454654
1.0989941272639119,1.2232663278001579,0.16672108681273332,0.6833796484089342,0.5108411539448672,0.5255004536705447
0.902316346868107,1.2380965382843097,0.6044656189549963,0.3283480979867554,0.47792671621180144,0.54034401576745
0.9763430454268113,1.2310528008917037,0.4089124452117794,0.3456209919831708,0.49752907776975774,0.5316168410196195
1.20471195464638,1.2206016299429947,0.1271930946817411,0.7859346695412484,0.5267436139879238,0.5195909269055129
1.0798652413461267,1.224405626102857,0.18713248890966394,0.5551669103994915,0.5101956889090672,0.5262936019134649
1.1037722295368495,1.224890526701517,0.2641155948700693,0.5817570380141464,0.5193048799405424,0.5247514423112302
1.002172968854691,1.2323303624532873,0.4714968781674269,0.4969965090730151,0.47915484449221557,0.5368181826384933
1.1829537617336665,1.2229658145507727,0.20474611482131608,0.5935281180616172,0.5211908275500174,0.5196300208911112
0.8304292753862145,1.2445281363278535,0.7022999590909725,0.40888000292199017,0.43671348628726714,0.5450515817002194
0.7579715653233988,1.2474609037600075,0.6231386490047686,0.3647272478397386,0.44005319487195527,0.5514947473923527
1.2085459907329896,1.222336578316345,0.16308444903127348,0.7105758533064248,0.5071687057955332,0.5114082269303225
1.1500672867107387,1.2289735300362126,0.3231246852105311,0.6413444899238928,0.4916061532558278,0.5199275914591429
0.9772236185964903,1.2355609377325105,0.5341936142424258,0.4658838783689977,0.47057993783137503,0.5339692522888965
1.0169516634100917,1.2322244105089688,0.49791136369731176,0.5076538846006033,0.4719982662423986,0.5332638748749895
1.0901318877422423,1.2256004715122353,0.18431404818107341,0.5920766701425044,0.5008292888629529,0.5208376425441688
1.3297288702240309,1.2158272605047256,0.0,0.692728238996907,0.5485218833084259,0.4992377932211423
1.015257392890823,1.2285985514276263,0.29378306555425937,0.5837631819142212,0.4886140287940401,0.5293303754976676
1.023717018378145,1.2327273575432327,0.4915240890450211,0.4400252457393684,0.4804986822892776,0.5348450823343207
1.1819108017481914,1.21989546020986,0.09652615773612654,0.6863796533756759,0.5219178925005681,0.5186258155169327
1.0519375918930358,1.2272334820064812,0.29708123665364816,0.3429627032424853,0.5145123685966616,0.5168707924442827
1.1649008514060375,1.2179237813016663,0.011482400624196192,0.616879586774589,0.5351104233916094,0.5166411208095597
1.2308610202853292,1.223795854989017,0.18494810458773167,0.6525733634707466,0.5142357103689046,0.5126971093889533
1.2138248766962665,1.215327820709285,0.0,0.6603867729181836,0.534590774043992,0.5115895417847888
1.1676177134868475,1.2231978082930228,0.20347210574244184,0.6884134687624356,0.49951994210290634,0.5232703678005484
1.044976156984926,1.2308810690731737,0.4334841448131102,0.542984755873878,0.474870791725791,0.5342944210302132
1.1584349459699383,1.2200504553597877,0.08512310064094994,0.7295657998227704,0.5202620775554169,0.5230755250446936
0.9558136187488061,1.2318398580250987,0.31509208981594944,0.57862316911965,0.4787295190337199,0.5351599335251269
1.0364008337887518,1.2258495218665406,0.18704351449310175,0.7300393190682255,0.4928627773932095,0.5326621384322365
1.2676846741315708,1.2172895452691472,0.0,0.6574184815214966,0.5456707844108182,0.5055980024464504
1.1740979656997879,1.2198890630651644,0.09726604870768156,0.6683445536035557,0.5175112592799289,0.5131592236824261
0.98756549466301,1.2326309611394781,0.4017288639158179,0.626870291739813,0.47587524778821166,0.5392288363815578
1.2947872796716,1.2169010110593812,0.052920477697090226,0.6700082260669439,0.5360765003843209,0.5126385094174402
0.8803000781377712,1.2460175989035334,0.7819579272972942,0.4897053869670397,0.41459403281351825,0.5461390488716731
1.0131587917939973,1.2283260294805798,0.3036007439172407,0.5328053988078915,0.49569274849725836,0.5284256755940993
0.9746701898365797,1.2410223854684947,0.6237191972923953,0.5474526099031839,0.4393942734657013,0.5396671521352706
0.8833196401479667,1.237473354656736,0.5975998815000664,0.3470242612852047,0.47708218455978696,0.5409762171726925
1.002967284373332,1.2322740347597085,0.4462753080039482,0.5290876337649304,0.4918520890873283,0.5343278675382342
1.0313906985773087,1.2343334778151593,0.4789085656844,0.3601885906182884,0.486132994813423,0.5212417257848428
1.0571616008210025,1.2266922354745438,0.21531496939707032,0.5971089021153548,0.4974093697933079,0.5268324282661517
1.1227564760459565,1.2217786207946397,0.15443081429383942,0.5811777717018908,0.5199134530105042,0.5252661964677666
1.1160151669160348,1.2240316103786257,0.20215996839446235,0.5502837987407871,0.5162047924351825,0.526152059916335
0.9529878449196751,1.2341073688755624,0.4309173897095234,0.48924129828315355,0.4709348710637139,0.5370355140883294
0.987738203280382,1.231066726257365,0.35532107763613346,0.5110709380036056,0.4963648888247023,0.5354140516526783
1.2344431256915411,1.2194511348977404,0.03545058723100822,0.709948990728534,0.5258864760215782,0.5103488645532048
0.8738232596908855,1.2380945284502836,0.5008315812787716,0.2913346113763438,0.47433751653346606,0.5347321161307865
1.0417517051149445,1.2317094410109541,0.4757175212253563,0.48060328822532666,0.4780243505605502,0.5316103956232042
1.1006253054094783,1.221321108619737,0.08149592434554309,0.4771387229616636,0.5283521962087845,0.5140547468893801
1.1635571741946118,1.2256655726278332,0.16999149430275012,0.535938621129811,0.5282645310961097,0.5135988784521821
1.1138193500207565,1.228570145709199,0.31056988882660347,0.580636754862812,0.51691791460548,0.5232560670889582
0.9940423661891277,1.2289962179158123,0.25640432263976126,0.5647504785447157,0.4915647271825321,0.5318534719512701
0.9058033278648719,1.2401469601766308,0.6234807132011327,0.5085028374420995,0.443592611655422,0.5433191442864602
1.3403353148652468,1.223561158058002,0.04324587421746192,0.7155669828373072,0.5510944826256349,0.4996646272561709
0.9501060039787527,1.233042584967954,0.37555500536860226,0.27417773504961623,0.5018862381666759,0.5329057722167555
1.0337524498278283,1.2287003001963364,0.28582635874188683,0.5965685768312786,0.4898739858236056,0.5331253025908367
1.1406882927696746,1.2198583604141753,0.09881287763510982,0.7405868384938247,0.5149092056891453,0.5237240726726479
1.252451798031866,1.2170538800514492,0.0752067912806544,0.6651019004535688,0.5332628095705343,0.5190988151352248
1.0051729021836442,1.2309575447846794,0.3850637593727653,0.45017348695958204,0.48903785515417575,0.5309291714720775
1.1146072075269322,1.2241217810332068,0.20083050498018884,0.6992511836978161,0.5046593613454141,0.524892583368742
1.21175424132203,1.2186073576665777,0.039234196536253894,0.6662638194767712,0.5299649062151346,0.5104777315602268
1.1888267187364263,1.2207035384411955,0.1574543456713463,0.7012041914852211,0.5212215638505519,0.5173065980253316
1.0809053258430956,1.2284737345580468,0.34002357054855603,0.6474313783116826,0.49343394631538,0.5274946397418063
1.4224772141824202,1.210504772875429,0.0,0.7481788570628902,0.5492165216364076,0.49889863158344305
0.9147044807682312,1.2381901568882112,0.5428502094617371,0.4875377184248273,0.45981886166555735,0.5430265786740934
0.9981925162475828,1.2340992568302156,0.44524830255750325,0.6447988419642459,0.46175343419991827,0.5402045275826965
1.0242693130889058,1.2288855423606382,0.3341963869182986,0.576606177143981,0.49279502358671695,0.5329494354211756
1.080871265663724,1.2304906545853784,0.37638585875385083,0.6372767845506203,0.4897488977759723,0.5304122779188621
1.058279882401796,1.226109149982214,0.26733529533367173,0.6128861489380284,0.4967468976449628,0.5279681237659689
0.9399001831901926,1.2318210695965852,0.3147996236709005,0.4836545811549959,0.48828494129180133,0.53196484985174
0.9229390108240693,1.2390637854216722,0.7122887940914426,0.37725764485710156,0.4569393185349055,0.5387177983975266
1.1247098033289473,1.223933242832289,0.2077268787952535,0.6424079794560819,0.5008392709400818,0.5227664248246372
0.8726717123304527,1.243692541284261,0.7897460804069083,0.37182302743000145,0.44117165218446486,0.5423167831950935
1.2178286002151864,1.2181750918726497,0.036984849560174636,0.5070758765374774,0.5464091654388759,0.5093579792003347
1.140461114692804,1.220531355907325,0.11931593352001407,0.5713635271511696,0.5162737021291945,0.523301238178489
1.0964640645176862,1.2305384764235867,0.37209156290804285,0.6034366204921674,0.49302620905914746,0.5254491297763971
0.9675972790123748,1.23257308495706,0.42340434051897147,0.43471914025288644,0.48589147256426835,0.5358634348306576
0.9575495753471264,1.2351721520787884,0.4273008204395448,0.4968604730018721,0.4683879147626776,0.5373037477780858
1.0441647762655877,1.2271056156342026,0.2235793018108607,0.5014949490790392,0.5044302334002537,0.5218657820199933
1.1673852417995036,1.2217984634970769,0.12148257574714803,0.7101829178654865,0.5140280418778225,0.5189284474963118
1.1302003636797409,1.222391480796472,0.1475809502605269,0.7189978324215741,0.5113612121883112,0.5246577733402167
1.1220418392309304,1.222797637134094,0.18729404333388208,0.5438107131250243,0.5135727512518058,0.5152247422195326
1.2791272738208679,1.2169898267507833,0.023963359683065597,0.7251926419608901,0.5401715440679016,0.5055680046333679
0.958748969191414,1.2342210869776862,0.4464794691551925,0.31577318953783595,0.4934711159119187,0.5309678965128782
1.2209545106981332,1.2180308412119865,0.11157518001221867,0.6817646925264607,0.5305384874932042,0.5189597221534636
0.9836272743808591,1.235077841653186,0.5363917225480281,0.5877341256306496,0.45731631915618054,0.5360623923604775
1.0396227193959933,1.2288563303195956,0.3300820084090466,0.3527818351998354,0.5019351495476286,0.5153099016583655
1.137753301607731,1.224219766439154,0.3148575889049017,0.5867401255665049,0.49708840455862424,0.5276890330413667
1.085539575417862,1.223031454368264,0.18850330055655543,0.524709149498285,0.5215914432815218,0.5245587259555926
0.8262650410524841,1.2413780884299697,0.5671282293004726,0.18425520181853922,0.4743000880832318,0.5415689394124136
0.8429625660999455,1.2426187299789735,0.586411073168502,0.3927010620319753,0.4536068977869252,0.5466354172916797
1.0775645783083272,1.2259622802008627,0.2510831408740461,0.5990354288398506,0.5022125448463144,0.5271625099574332
1.043694048487853,1.2276149799874754,0.2755770219571937,0.6207971002892559,0.48772882346997404,0.5292301316066115
0.8501893012735164,1.24208556533226,0.5815939242516254,0.41107627131169844,0.4499074831435179,0.5434183950173779
0.9228858304348031,1.2352721653120582,0.4332434619712601,0.28299600284529386,0.48739775766495524,0.5300955512860576
0.9847393094448337,1.2352472730498665,0.5294090735597544,0.5395657027449006,0.4617312793141987,0.5351317610893089
0.7500021774676361,1.246478300463803,0.6242397443812198,0.21987581162368394,0.4578219554102936,0.55393588524127
0.9162310392778125,1.2398876689227647,0.5534853137300355,0.49958837930094724,0.4558083849688178,0.5441800821599212
0.8499553310318766,1.2451673928490217,0.7080670186645863,0.5002269619953077,0.4300822465015402,0.5489069555288554
1.138897242589799,1.2263291531609992,0.3425269908021602,0.6111828420410317,0.49092464242414224,0.5214561544150135
0.8714286198674089,1.2382038602543841,0.5466576142107606,0.3046458168770123,0.47646103487136804,0.5404093484488791
0.8497900914385161,1.2422626543291302,0.5229912788349008,0.35545779101634145,0.4622282966900316,0.5486300316391329
1.2203388905263015,1.2214578016131508,0.17188981398500247,0.6669314838119883,0.5226935735420964,0.5199929119823273
1.0077660475587273,1.2283061559282469,0.2755502189250596,0.5799021184217146,0.4924122765807902,0.5324582144677338
0.9228858304348031,1.2352721653120586,0.433243461971259,0.28299600284529425,0.48739775766495524,0.5300955512860575
0.9437945949923274,1.2338551254298231,0.33835460504493864,0.22254506247155503,0.4979747690634549,0.5189094520264534
0.9949636507098298,1.229163225547374,0.2193911093977332,0.5632929577358662,0.4918377150344213,0.5315943491777063
1.2140742778581222,1.2195904238004684,0.166887549808043,0.7105365275866179,0.5164898140445437,0.5180344991991107
1.1223907740774255,1.2302249283082265,0.3832352228056293,0.6273515032309039,0.4823251111609986,0.5248526143455905
1.239431387074487,1.223722549907011,0.1546456964561753,0.7296745884435074,0.522580490361911,0.5131850924348071
1.123948329644072,1.2225516032065158,0.1733225275183458,0.6209097435318425,0.5088969552206706,0.5198048323524632
1.196403908849632,1.2168863411616049,0.0,0.6389633946258936,0.5354006609147277,0.5181056598280736
1.0462170452008637,1.2273802356151715,0.3631793079784986,0.46501943329449563,0.5017348210830493,0.531302740323363
0.9787198739202428,1.2305763433977563,0.30947131824087265,0.5021662852308748,0.4928331547149481,0.5316953348913351
1.181910801748191,1.2198954602098597,0.09652615773612656,0.6863796533756759,0.5219178925005679,0.5186258155169327
1.1205249445679648,1.226100181488842,0.2528543063031847,0.6138138004189848,0.4959923851116711,0.527435312848732
1.310705714322146,1.21957447606514,0.05924430350404117,0.7770181132777063,0.5311529116998008,0.5060569949131224
1.0775645783083272,1.2259622802008627,0.2510831408740461,0.5990354288398506,0.5022125448463144,0.5271625099574332
1.0734500239603115,1.2255686318763328,0.18076786214440532,0.5553111784395541,0.5111244607106614,0.5301358075496758
1.2219167641346673,1.2137927074120742,0.0,0.7452914448661696,0.5379189098221657,0.5162463193883505
1.1176674758290037,1.2214951551274462,0.14083886315729277,0.6615424642465904,0.5192555684363285,0.524096871750301
1.0881749163435963,1.225147813564527,0.2421836623839464,0.6454462557429921,0.4970069906172246,0.528192985689242
0.8279265969575786,1.2412630752718021,0.5024633563293193,0.21021146725100937,0.47211973823675607,0.5367977690583848
1.1226066116418039,1.2208585646244734,0.09720123740987925,0.48541792882451473,0.5310316399848263,0.5174476007207862
1.2737404501928642,1.224112315328349,0.1573404233230351,0.5603649484908964,0.5161082735140732,0.49263327177364147
1.1891886952749695,1.2178725980161558,0.0,0.6535220468899534,0.5367124463212736,0.5138033530190066
1.116579520309431,1.2235810481637843,0.1599094454180903,0.6693177430744127,0.5161034662112536,0.5247152084171425
1.2524517980318663,1.2170538800514483,0.07520679128065377,0.665101900453569,0.533262809570533,0.5190988151352249
0.8501893012735164,1.24208556533226,0.5815939242516254,0.41107627131169844,0.4499074831435179,0.5434183950173779
1.1547318416474128,1.2188101386979344,0.002198825841654125,0.6504643572632495,0.5337698220880617,0.5205722377438319
1.0402313135074182,1.2278818383292431,0.3175340570658755,0.5990222180058552,0.4900534650334144,0.5290952473793551
0.9453573888194312,1.2381199545879051,0.6420455417605558,0.49069898155354996,0.45079116383211676,0.5381920122255441
1.087205063800827,1.2224892141556338,0.09373578791476603,0.6430584283781593,0.5216230458634852,0.5293524426717862
1.2537314894773124,1.2243775058425248,0.15612852040142344,0.6486291302791357,0.5266399308812333,0.5078660042954284
1.1904089854977498,1.220336908032397,0.19103125332067428,0.7102231131045386,0.5134813359420707,0.5181429755080004
1.1598347878897248,1.2242678165777598,0.22741822313623083,0.5573297857148521,0.5229643571534907,0.5243075583912565
1.1028971706470816,1.2240708969925358,0.1958560138284232,0.5442747458021989,0.5151568831999997,0.5192788419637381
1.0940746620245763,1.2291321582169177,0.3030976833997139,0.6437069375496713,0.4845091495529384,0.5282042201617231
1.110505055662075,1.2249886471182698,0.22172502628140087,0.6273225082932958,0.5026548882666821,0.5269931806614676
1.2566506357781255,1.2173056286860542,0.16918726170243964,0.6203285287606479,0.5202988162342297,0.5177801292618468
1.1626208547970731,1.224952051792289,0.2337977380551197,0.6364838066309126,0.511565902993711,0.523996947283725
0.8356714801862491,1.241029420416472,0.5243644736412398,0.16381815768875,0.47326965622894857,0.5320723056298616
1.0412556510014814,1.2272729566046263,0.2855618133330381,0.5903546868675575,0.49926317600645104,0.5322945119222461
1.104259375926148,1.2216834079566785,0.1818007794369899,0.5336089091613518,0.5196437701893916,0.5209485812530497
1.236414032931141,1.2195904242499156,0.20042361046485038,0.7395609121395571,0.5184064034662352,0.5141861242005275
0.955305285064161,1.2315081577875309,0.2771500192681627,0.443546729369343,0.500212800281469,0.5382541978678906
1.2097672099163603,1.2194751790992115,0.19405365014662818,0.5885974357483366,0.5164216002645464,0.5193125656933084
1.2180763236075995,1.2169369566533614,0.07980332773326661,0.8167555884847573,0.5272491147029511,0.5214724334103662
1.0726116765833273,1.2229579924205842,0.1971335829364009,0.5360166026423863,0.5172636002359845,0.5241424563387864
0.9755103292169159,1.2336967731956319,0.49981469580488164,0.36464485091808857,0.49533052298961133,0.531312482352683
1.0101150787771915,1.2284864509651583,0.2369013165701454,0.5566296779020283,0.4964783088971705,0.5319536163272646
0.898441593381853,1.242712854196979,0.6651894353700749,0.5296819762911438,0.4443525321445749,0.5482203025702984
0.9705611186446519,1.2313908599657963,0.36602666182658067,0.5673936049864129,0.48075070555952676,0.5345610889937674
1.238325441399723,1.2161825898138918,0.03499699539436595,0.6685380640484978,0.5294633096848993,0.515278494077392
1.0388004264677635,1.2278061280198862,0.3505479600590901,0.548152280823872,0.5088170014727839,0.5321076378933658
1.1013861795518467,1.2241147449643788,0.24504186814185225,0.5848751201287394,0.5032109138866991,0.5229439729671443
0.9218865935774699,1.2386138488068552,0.6216374073283735,0.4896622716700471,0.4569719755275526,0.5423595236918124
1.1320026142026818,1.225121885260465,0.2424168927159506,0.633024669537172,0.4943182126898709,0.5237485204317494
1.1105050556620748,1.2249886471182698,0.22172502628140064,0.627322508293296,0.5026548882666821,0.5269931806614677
