parameter,old,new,p025,p975
beta_income,1.02462368780407,1.077564579219359,0.8303667084254985,1.2872294957372754
beta_jobs,1.2443365664578463,1.2259622828509957,1.2158147745098395,1.2445441177408827
beta_rent,0.7019478398382083,0.2510831381370572,0.0,0.7024441355803129
beta_distance,0.31172356380842564,0.5990354282033519,0.22247833120035826,0.745299102790967
beta_education,0.4615128156204839,0.5022125558841766,0.43933055603673415,0.5464312405516255
beta_childcare,0.5210011996526396,0.5271625084901896,0.5005835336320736,0.5482305457970192
beta_current_state_1000x20,3.925,3.825,3.805,3.845
beta_current_state_600x12,3.925,3.82,3.784875,3.85
beta_current_state_600x15,3.925,3.82,3.78,3.83
