phase,beta_current_state,n_seeds,mean,ci95_low,ci95_high,ci95_halfwidth,seed_sd,absolute_error
research_coarse,3.7,32,0.04336371527777778,0.04257547182077245,0.04415195873478311,0.0007882434570053288,0.0021862951466555293,0.004617949587913374
research_coarse,3.725,32,0.042083333333333334,0.041228411611912145,0.04293825505475452,0.0008549217214211854,0.002371235934408641,0.0033375676434689305
research_coarse,3.75,32,0.04172309027777778,0.040823463474937205,0.04262271708061835,0.0008996268028405694,0.002495231258022699,0.002977324587913374
research_coarse,3.775,32,0.03998697916666667,0.0390107292808374,0.04096322905249594,0.0009762498858292674,0.0027077552859371377,0.0012412134768022692
research_coarse,3.8,32,0.0390234375,0.03807312378658413,0.03997375121341587,0.0009503137134158716,0.002635817958241889,0.00027767181013559766
research_coarse,3.825,32,0.03912760416666667,0.03813893265118405,0.04011627568214929,0.0009886715154826197,0.002742208281878077,0.00038183847680226674
research_coarse,3.85,32,0.037747395833333336,0.036962133886089585,0.03853265778057709,0.0007852619472437537,0.002178025543827233,0.0009983698565310672
research_coarse,3.875,32,0.03657552083333334,0.03583621823991877,0.03731482342674791,0.0007393025934145684,0.0020505513335091216,0.002170244856531063
research_coarse,3.9,32,0.03566840277777778,0.03491621162770599,0.036420593927849576,0.0007521911500717954,0.002086299411868242,0.0030773629120866217
research_coarse,3.925,32,0.03477430555555556,0.03391732847531959,0.035631282635791524,0.0008569770802359636,0.0023769367378361217,0.003971460134308845
research_coarse,3.95,32,0.03400173611111111,0.03321588692815141,0.03478758529407081,0.0007858491829597035,0.002179654318014083,0.004744029578753292
research_refined,3.775,32,0.03998697916666667,0.0390107292808374,0.04096322905249594,0.0009762498858292674,0.0027077552859371377,0.0012412134768022692
research_refined,3.78,32,0.03964409722222222,0.03868696018375871,0.04060123426068574,0.0009571370384635143,0.002654743332506827,0.0008983315323578198
research_refined,3.785,32,0.03934461805555556,0.038554785648309636,0.04013445046280148,0.0007898324072459242,0.002190702305596612,0.0005988523656911549
research_refined,3.79,32,0.039678819444444444,0.03883394432334407,0.04052369456554482,0.0008448751211003767,0.0023433703894091052,0.0009330537545800405
research_refined,3.795,32,0.039461805555555556,0.0386056783701537,0.040317932740957414,0.0008561271854018567,0.0023745794446236477,0.0007160398656911524
research_refined,3.8,32,0.0390234375,0.03807312378658413,0.03997375121341587,0.0009503137134158716,0.002635817958241889,0.00027767181013559766
research_refined,3.805,32,0.039153645833333334,0.03827877043038999,0.040028521236276676,0.0008748754029433459,0.0024265800500902946,0.00040788014346893053
research_refined,3.81,32,0.038671875,0.03794355907255949,0.039400190927440515,0.0007283159274405126,0.00202007839487128,7.389068986440178e-05
research_refined,3.815,32,0.03860677083333333,0.037725986708395186,0.03948755495827148,0.0008807841249381477,0.0024429686545314284,0.0001389948565310717
research_refined,3.82,32,0.03881944444444444,0.03796310470625607,0.03967578418263281,0.0008563397381883658,0.0023751689872597752,7.367875458003798e-05
research_refined,3.825,32,0.03912760416666667,0.03813893265118405,0.04011627568214929,0.0009886715154826197,0.002742208281878077,0.00038183847680226674
